id,title,brand,category,normal_price,image_link,review
1,압소바6 (ATA367P2M13) 레코딸랑이세트(신생아 백일 선물),압소바,유아동,39000,https://foundryiq-image-gallery.azurewebsites.net/images/2119554205_0_600.jpg,"신생아 백일 선물로 압소바6 레코딸랑이세트를 구매했는데 디자인이 귀여워서 선물 받는 가족도 매우 좋아했어요. 재질이 부드러워 아기 피부에 자극 없이 안전하게 사용할 수 있었고, 장난감 소리도 은은해 아이가 잘 집중하더라고요. 크기도 아기 손에 딱 맞아 잡기 편하고 세트 구성이 실용적이라 만족스러웠습니다. 가격대도 적당해 부담 없이 선물하기 좋은 제품입니다."
2,[압소바] 출산선물 티노딸랑이세트 (선물포장) (ATA367P1),압소바,유아동,40000,https://foundryiq-image-gallery.azurewebsites.net/images/2130369107_0_600.jpg,"친구 아기 출산선물로 압소바 티노딸랑이세트를 구매했어요. 부드러운 소재라 아기 피부에 자극 없고, 딸랑이 소리도 은은해서 너무 마음에 들었습니다. 선물포장도 깔끔하게 되어 있어 바로 전달하기 좋았고, 디자인도 귀여워서 받는 분이 정말 좋아했어요. 실용적이면서도 예쁜 선물로 강력 추천합니다."
3,블루독베이비[hu] WH)블루독남아손수건SET 41170-006-01 손수건/타올/수건/10장세트/신생아/출산용품/선물,블루독베이비,유아동,22190,https://foundryiq-image-gallery.azurewebsites.net/images/2138687276_0_600.jpg,"출산 준비하면서 블루독베이비 손수건 세트를 구입했는데 10장이나 들어 있어서 정말 든든했어요. 신생아 피부에 자극 없고 부드러운 재질이라 예민한 아기 얼굴에 사용하기 딱 좋았습니다. 사이즈도 적당해서 외출할 때나 집에서 수시로 사용하기 편리했고, 세탁 후에도 변형 없이 오래 쓸 수 있을 것 같아요. 깔끔한 디자인이라 선물용으로도 추천합니다. 가격대도 합리적이라 만족스럽습니다."
4,블루독베이비[hu] PK)블루독뱀부여아손수건SET 43170-006-03 손수건/타올/수건/10장/신생아/출산용품/선물,블루독베이비,유아동,22190,https://foundryiq-image-gallery.azurewebsites.net/images/2138687338_0_600.jpg,신생아 손수건으로 구매했는데 부드러운 대나무 섬유라 그런지 피부에 자극 없이 정말 좋아요. 10장이 한 세트라 자주 세탁해도 넉넉하고 크기도 적당해서 아기 얼굴 닦거나 입 주변 정리할 때 편리합니다. 디자인도 깔끔하고 선물용으로도 손색없을 것 같아요. 출산용품으로 추천합니다.
5,(에뜨와) (07P083101) (임신출산백일선물)코니딸랑이세트(6종) (유아/출산/백일/돌선물/조카선물),에뜨와,유아동,38000,https://foundryiq-image-gallery.azurewebsites.net/images/2142411125_0_600.jpg,"조카 백일선물로 에뜨와 코니딸랑이세트 6종을 구매했어요. 부드러운 소재에 색감도 은은해서 아기가 자극받지 않고 좋아하더라고요. 크기도 적당해서 아기 손에 쏙 들어가고, 다양한 딸랑이 소리가 난다는 점이 특히 마음에 들었어요. 패키지도 깔끔해서 선물용으로 딱 좋았고, 가격 대비 품질 만족스럽습니다. 앞으로도 출산이나 백일 선물로 추천할 만한 제품이에요."
6,[B블루독베이비B] (WH)도기딸랑이손수건SET    44970BHD02  선물/인형,블루독베이비,유아동,36000,https://foundryiq-image-gallery.azurewebsites.net/images/2202334852_0_600.jpg,블루독베이비 도기딸랑이손수건 세트는 아기 선물로 정말 만족스러웠어요. 부드러운 손수건과 귀여운 강아지 모양 딸랑이가 함께 있어 아기가 잡고 흔들기에 딱 좋더라고요. 손수건 재질도 피부에 자극 없고 세탁 후에도 모양 변형 없이 잘 유지돼서 실용적입니다. 디자인도 깔끔하고 귀여워서 선물용으로 추천하고 싶어요. 아이가 딸랑이를 좋아해서 덕분에 외출할 때도 잘 가지고 다닙니다. 가격대비 품질이 좋아서 만족스럽습니다.
7,아가방 미키프렌즈손수건세트(10P) 79R0 85102,아가방플렉스(백화점),유아동,22000,https://foundryiq-image-gallery.azurewebsites.net/images/2209416122_0_600.jpg,"아가방 미키프렌즈손수건세트는 디자인이 너무 귀여워서 아이가 좋아해요. 10장이 한 세트로 실용적이고, 부드러운 면 소재라 아기 피부에도 자극 없이 잘 맞습니다. 크기도 적당해서 외출 시 가방에 넣어 다니기 편하고, 세탁 후에도 쉽게 변형되지 않아 만족스러워요. 가격 대비 품질도 좋아서 선물용으로도 추천합니다."
8,[젝시믹스] V업 3D 플러스 레깅스 1+1 (XP9156T),젝시믹스,스포츠/레져,30280,https://foundryiq-image-gallery.azurewebsites.net/images/2210550987_0_600.jpg,"젝시믹스 V업 3D 플러스 레깅스 1+1 세트는 착용감이 정말 편안해서 운동할 때 부담 없이 입기 좋아요. 허리 부분이 탄탄하게 잡아줘서 활동 중에도 밀리지 않고, 몸매 라인이 자연스럽게 잡히는 점이 만족스러웠습니다. 신축성도 뛰어나서 요가할 때도 움직임이 자유롭고 땀 흡수도 잘 되는 편이라 쾌적했어요. 가격도 1+1 행사 덕분에 가성비 좋게 구매한 것 같아 만족스럽습니다."
9,스토케 리마스 아기띠 메쉬,스토케(백/트립트랩外),유아동,241000,https://foundryiq-image-gallery.azurewebsites.net/images/2212572990_0_600.jpg,스토케 리마스 아기띠 메쉬는 통기성이 좋아 여름에도 아기가 땀을 많이 흘리지 않아 너무 만족스러워요. 착용감이 안정적이고 허리와 어깨에 부담이 적어 장시간 착용해도 편안합니다. 디자인도 심플하면서 고급스러워서 외출할 때마다 자신감이 생기네요. 가격대가 좀 있지만 내구성과 편리함을 생각하면 충분히 가치 있는 선택입니다. 아기와의 산책 시간이 더 즐거워졌어요.
10,[M밍크뮤D] (WH)루루뱀부손수건SET 10장세트 (3417000603) 출산준비물/신생아선물/배내수트/배내저고리,밍크뮤,유아동,20880,https://foundryiq-image-gallery.azurewebsites.net/images/2216725943_0_600.jpg,밍크뮤 루루뱀부손수건 10장 세트는 신생아 피부에 정말 순하고 부드러워서 만족스러웠습니다. 뱀부 소재라서 흡수력도 좋고 빨아도 쉽게 헤지지 않아 실용적이에요. 크기도 적당해서 목에 두르거나 기저귀 교환할 때도 편리하게 사용할 수 있었습니다. 디자인도 깔끔하고 색상이 연해서 신생아용으로 딱 맞는 느낌입니다. 출산준비물로 추천할 만한 가성비 좋은 제품입니다.
11,앤더슨벨 aaa425u 유니섹스 테크니컬 베를린 스몰 백팩 가방 블랙,앤더슨벨,패션잡화,205200,https://foundryiq-image-gallery.azurewebsites.net/images/2222518068_0_600.jpg,"앤더슨벨 aaa425u 스몰 백팩은 디자인이 깔끔하면서도 실용적이라 데일리용으로 딱 좋아요. 블랙 색상이 어디에나 잘 어울리고, 공간이 생각보다 넉넉해서 소지품 정리하기 편리했습니다. 특히 테크니컬 원단이라 그런지 가볍고 내구성도 좋아 보여 오래 쓸 수 있을 것 같아요. 어깨끈도 조절 가능해 착용감이 만족스럽고, 활동적인 날에도 부담 없이 들고 다니기 좋아서 구매하길 잘했다는 생각이 듭니다."
12,에뜨와(26년말띠해선물)블로니양말07S576003,에뜨와,유아동,29000,https://foundryiq-image-gallery.azurewebsites.net/images/2222853504_0_600.JPG,"26년 말띠해를 맞아 아이 선물로 에뜨와 블로니양말을 구매했어요. 부드러운 소재 덕분에 아이 발에 자극 없이 편안하게 잘 맞았고, 신축성도 좋아서 쉽게 신고 벗을 수 있어 실용적이었습니다. 디자인도 귀여운 블로니 캐릭터가 들어가 있어 아이가 너무 좋아하네요. 가격대가 조금 있지만 퀄리티가 좋아 만족스러워요. 선물용으로도 추천합니다."
13,앤더슨벨 하네스 부츠 aaa389w(BROWN),앤더슨벨,패션잡화,358200,https://foundryiq-image-gallery.azurewebsites.net/images/2226558356_0_600.jpg,"앤더슨벨 하네스 부츠는 착용감이 정말 편안하고 독특한 디자인이 매력적이에요. 가죽 소재가 부드러우면서도 튼튼해서 오래 신어도 부담이 없고, 하네스 디테일이 스타일에 포인트를 줘서 평범한 코디에도 세련된 느낌이 납니다. 무엇보다 브라운 컬러가 은은하게 고급스러워서 다양한 옷과 잘 어울려 활용도가 높아요. 가격대가 좀 있지만 그만큼 퀄리티가 뛰어나 만족스럽습니다."
14,[젝시믹스] 아이스페더 컴포트 숏슬리브 1+1 (XA5298T),젝시믹스,스포츠/레져,30280,https://foundryiq-image-gallery.azurewebsites.net/images/2226786275_0_600.jpg,"젝시믹스 아이스페더 컴포트 숏슬리브 1+1 세트를 구매했는데 가격 대비 만족도가 높아요. 소재가 정말 가볍고 시원해서 운동할 때 땀이 많이 나도 금방 건조돼 쾌적하게 입을 수 있었어요. 신축성도 좋아서 움직임이 자유롭고, 핏도 딱 예쁘게 떨어져서 헬스뿐 아니라 일상복으로도 손색없네요. 1+1 구성이라 가성비도 훌륭해서 재구매 의사 있습니다."
15,[M밍크뮤M7]35970BHD02 드림루루딸랑이세트/유아용품/출산준비/임신/출산/백일/조카선물,밍크뮤,유아동,35280,https://foundryiq-image-gallery.azurewebsites.net/images/2226887101_0_600.jpg,"조카 출산 선물로 밍크뮤 드림루루 딸랑이세트를 구매했어요. 부드러운 소재와 안전한 디자인 덕분에 아기가 안심하고 가지고 놀더라고요. 크기도 적당해서 아기 손에 딱 맞고, 소리도 자극적이지 않아 너무 좋아요. 패키지도 예뻐서 선물용으로 만족스럽고, 가격대도 합리적이라 추천합니다. 출산 준비물로도 손색 없는 제품입니다."
16,앤더슨벨 커트 스트라이프 롱슬리브 티셔츠 atb1247m(ECRU),앤더슨벨,패션의류,103500,https://foundryiq-image-gallery.azurewebsites.net/images/2228486184_0_600.jpg,"앤더슨벨 커트 스트라이프 롱슬리브 티셔츠는 정말 기대 이상이에요. 부드러운 에크루 컬러와 세련된 스트라이프 패턴이 일상복으로 딱 좋고, 신축성 좋은 소재 덕분에 착용감도 편안합니다. 특히 소매 끝부분의 커팅 디테일이 독특해서 은근히 포인트가 되네요. 가격대가 조금 있지만 디자인과 품질 모두 만족스러워서 잘 산 것 같아요. 봄, 가을 간절기용으로 적극 추천합니다."
17,앤더슨벨 유니섹스 웨스턴 메리제인 로퍼 aaa464u(BLACK),앤더슨벨,패션잡화,278100,https://foundryiq-image-gallery.azurewebsites.net/images/2229226979_0_600.jpg,"앤더슨벨 유니섹스 웨스턴 메리제인 로퍼는 디자인이 정말 세련되고 독특해서 여러 코디에 잘 어울렸어요. 블랙 색상이라 어떤 옷에도 무난하게 매치하기 좋고, 착용감도 생각보다 편안해서 장시간 신어도 발에 무리가 없었습니다. 특히 웨스턴 스타일의 디테일이 멋스러워서 평범한 로퍼와는 차별화된 느낌을 줍니다. 가격대가 조금 있지만 내구성도 좋아서 만족스러운 구매였어요."
18,라코스테우먼 25SS 여성 베이직 린넨셔츠 CF905E-55G AFS,라코스테 우먼,패션의류,137970,https://foundryiq-image-gallery.azurewebsites.net/images/2229909313_0_600.jpg,"라코스테우먼 린넨셔츠는 봄부터 초여름까지 입기 딱 좋은 가벼운 소재가 마음에 들었어요. 린넨 특유의 시원하고 통기성 좋은 원단 덕분에 하루 종일 쾌적했고, 기본 디자인이라 데일리 룩으로 활용하기 편했습니다. 색상도 화사해서 얼굴이 밝아 보이고, 사이즈도 딱 맞아 데이트룩이나 출근용으로도 만족스럽네요. 가격 대비 퀄리티가 좋아서 재구매 의사 있습니다."
19,라코스테우먼 25SS 여성 스트라이프 긴팔 티셔츠 TF922E-55G HBP,라코스테 우먼,패션의류,93870,https://foundryiq-image-gallery.azurewebsites.net/images/2230540041_0_600.jpg,"라코스테우먼 스트라이프 긴팔 티셔츠는 소재가 부드럽고 신축성이 좋아 착용감이 정말 편안했습니다. 디자인도 심플하면서 세련돼 데일리 룩으로 활용하기 좋고, 스트라이프 패턴이 포인트가 되어 밋밋하지 않아요. 봄가을 간절기에 입기 딱 적당한 두께감이라 실내외 온도 차에도 부담 없었고, 세탁 후에도 변형 없이 오래 입을 수 있을 것 같아 만족스럽습니다. 가격 대비 품질이 좋아 적극 추천합니다."
20,라코스테우먼 25SS 여성 오버사이즈 컬러데님 셔츠 자켓 BF2446-55G HCZ,라코스테 우먼,패션의류,213570,https://foundryiq-image-gallery.azurewebsites.net/images/2231258486_0_600.jpg,"라코스테우먼 오버사이즈 컬러데님 셔츠 자켓은 봄가을 시즌에 입기 딱 좋은 두께감과 넉넉한 핏이 매력적이에요. 청량한 컬러감 덕분에 어떤 하의와도 잘 어울리고, 캐주얼하면서도 세련된 분위기를 연출할 수 있어서 만족스럽습니다. 소재가 탄탄해 오래 입어도 변형이 적을 것 같고, 버튼 디테일도 깔끔해서 전체적인 완성도가 높아요. 가격대가 조금 있지만 퀄리티 생각하면 충분히 가치 있는 아이템입니다."
21,[그랜드스테이지] 써코니 허리케인 24 M S20933-500,그랜드스테이지,스포츠/레져,118680,https://foundryiq-image-gallery.azurewebsites.net/images/2231570355_0_600.jpg,"그랜드스테이지 써코니 허리케인 24 M S20933-500은 러닝화로 정말 만족스러웠습니다. 착용감이 부드럽고 발을 잘 감싸줘 장시간 달려도 불편함이 없었어요. 통기성이 좋아 땀차는 느낌도 적고, 디자인도 깔끔해서 일상복에도 잘 어울립니다. 쿠셔닝이 뛰어나 충격 흡수가 잘 되어 무릎 부담도 덜한 점이 특히 마음에 들었어요. 가격대비 성능이 좋아 앞으로도 계속 애용할 것 같습니다."
22,노스페이스 NJ2HR11 남성 패커블 LT 자켓 (남성 방수 바람막이 자켓),노스페이스,스포츠/레져,155800,https://foundryiq-image-gallery.azurewebsites.net/images/2231576940_0_600.jpg,"노스페이스 NJ2HR11 패커블 LT 자켓은 가벼우면서도 방수 기능이 뛰어나서 등산할 때 정말 유용했어요. 바람막이 역할도 확실히 해서 쌀쌀한 날씨에도 체온 유지가 잘 되었고, 접어서 가방에 쏙 들어가는 점도 여행이나 출퇴근 시 편리합니다. 디자인도 심플하고 깔끔해서 일상복으로도 무리 없이 입을 수 있어 만족스럽습니다. 가격 대비 품질이 좋아서 오래도록 잘 입을 것 같아요."
23,노스페이스 NJ2HR41 여성 패커블 LT 자켓  (여성 바람막이 방수자켓),노스페이스,스포츠/레져,155800,https://foundryiq-image-gallery.azurewebsites.net/images/2231584499_0_600.jpg,"봄철 등산할 때 가볍게 입으려고 구매한 노스페이스 패커블 LT 자켓은 정말 만족스러웠어요. 바람이 많이 부는 날에도 바람막이 역할을 톡톡히 해주고, 방수 기능 덕분에 갑작스러운 소나기에도 큰 걱정 없었어요. 특히 접었을 때 부피가 작아 가방에 쏙 들어가 휴대성이 뛰어났고, 여성용이라 핏도 예쁘게 떨어져서 스타일도 챙길 수 있었답니다. 가격대가 조금 있지만 품질 대비 만족도가 높아 추천할 만해요."
24,[윌슨] 드로우스트링 백팩 V2 W251006TBP13 WHT,윌슨(백화점),스포츠/레져,151050,https://foundryiq-image-gallery.azurewebsites.net/images/2232576040_0_600.jpg,"윌슨 드로우스트링 백팩 V2는 가벼우면서도 내구성이 뛰어나 스포츠용으로 딱 좋습니다. 특히 흰색 디자인이 세련되어 운동복뿐 아니라 일상복에도 잘 어울려요. 수납 공간이 넉넉해 운동화, 물통, 작은 소지품을 편하게 넣을 수 있고, 끈 조절도 쉬워 착용감이 편안합니다. 가격 대비 품질 만족스럽고, 백화점 브랜드라서 믿음이 가네요. 운동할 때 유용하게 잘 쓰고 있습니다."
25,노스페이스 NJ3LR05 남성 아이스 페이스 자켓 (여름 경량 바람막이 자켓),노스페이스,스포츠/레져,65550,https://foundryiq-image-gallery.azurewebsites.net/images/2232596301_0_600.jpg,"노스페이스 아이스 페이스 자켓은 여름철 가볍게 입기 딱 좋은 바람막이예요. 소재가 얇고 통기성이 좋아서 땀 차는 느낌 없이 시원하게 착용할 수 있었습니다. 특히 바람을 잘 막아줘서 아침저녁 선선할 때도 부담 없이 입기 좋았고, 휴대하기 편한 경량 디자인 덕분에 여행 갈 때도 항상 챙기게 되네요. 색상도 무난해서 어디에나 잘 어울립니다. 가격 대비 품질이 만족스러워 추천합니다."
26,[압소바1] 곰고무연사목욕타올+손수건+인형세트 MIAZA-10911 [임신/출산선물],압소바,유아동,96000,https://foundryiq-image-gallery.azurewebsites.net/images/2234088132_0_600.jpg,신생아 목욕용으로 압소바 곰고무연사목욕타올 세트를 구입했는데 부드러운 소재 덕분에 아기의 피부에 자극 없이 잘 사용하고 있어요. 주머니가 있어 손수건과 귀여운 곰 인형도 함께 있어 목욕 시간이 더 즐거워졌습니다. 세트 구성도 알차고 세탁 후에도 변형 없이 오래 쓸 수 있어 만족스럽습니다. 임신·출산 선물로도 추천하고 싶어요.
27,[M밍크뮤D] 26년말띠(WH)드림코니리오셀 배내저고리양말손싸개세트 (35A700110301) 출산준비물/신생아선물/,밍크뮤,유아동,77600,https://foundryiq-image-gallery.azurewebsites.net/images/2235442410_0_600.jpg,"출산 준비물로 밍크뮤 26년말띠 배내저고리와 양말, 손싸개 세트를 구매했어요. 부드러운 리오셀 소재라 신생아 피부에 자극 없이 편안했고, 디자인도 깔끔하면서 귀여워서 선물용으로도 딱 좋았습니다. 사이즈도 적당하고 세트 구성 덕분에 여러 가지 기본 아이템을 한 번에 준비할 수 있어 편리했어요. 신생아 첫 옷으로 추천합니다."
28,[그랜드스테이지] 써코니 엔돌핀 프로 4 M S20939-30,그랜드스테이지,패션잡화,247480,https://foundryiq-image-gallery.azurewebsites.net/images/2235458654_0_600.jpg,"런닝화를 새로 장만하려고 여러 제품을 비교하다 그랜드스테이지 써코니 엔돌핀 프로 4를 선택했어요. 착화감이 정말 부드럽고 발을 편안하게 감싸줘 장시간 달려도 발에 무리가 없네요. 반응성이 뛰어나서 가볍고 빠른 움직임에 도움을 줘 러닝 기록도 조금씩 향상되는 느낌이에요. 디자인도 세련돼 평소 운동복과도 잘 어울리고, 내구성도 만족스러워 믿고 오래 신을 수 있을 것 같습니다. 가격 대비 성능이 뛰어난 제품이라 적극 추천합니다."
29,[그랜드스테이지] 써코니 엔돌핀 프로 4 M S20939-201,그랜드스테이지,패션잡화,247480,https://foundryiq-image-gallery.azurewebsites.net/images/2235458659_0_600.jpg,그랜드스테이지 써코니 엔돌핀 프로 4를 구매한 후 러닝 시 착화감이 정말 편안해서 만족스럽습니다. 발을 안정적으로 잡아주면서도 무게가 가벼워 장거리 주행에도 부담이 적네요. 디자인도 심플하면서 세련되어 운동할 때뿐 아니라 일상에서도 잘 어울립니다. 쿠션감 덕분에 발에 피로가 덜하고 뛰기 좋았어요. 내구성도 기대 이상이라 앞으로도 오래 신을 수 있을 것 같습니다. 가격 대비 가치가 충분한 제품입니다.
30,선물추천 [밍크뮤HP]26년말띠선물 (CR)코니밍크애착인형 양말SET(35W70-BHB-01/35A70-011-03),밍크뮤,유아동,75200,https://foundryiq-image-gallery.azurewebsites.net/images/2236604221_0_600.jpg,26년 말띠 선물로 밍크뮤 코니밍크 애착인형과 양말 세트를 구매했는데 정말 만족스럽습니다. 인형이 부드럽고 포근해서 아기가 바로 안고 자는 모습이 너무 귀여웠어요. 양말도 퀄리티가 좋아서 손쉽게 신기기 편하고 디자인도 깔끔해 선물용으로 딱입니다. 패키지도 고급스러워 특별한 날 선물하기에 완벽합니다. 가격대비 정말 만족스러운 세트였어요.
31,[윌슨] 드로우스트링 백팩 V1 W253006TBP72 NVY,윌슨(백화점),스포츠/레져,151050,https://foundryiq-image-gallery.azurewebsites.net/images/2236917187_0_600.jpg,"윌슨 드로우스트링 백팩 V1은 스포츠용으로 딱 좋아요. 재질이 튼튼해서 가방 안에 운동복이나 신발 넣어도 전혀 부담 없고, 끈 조절도 편리해서 어깨에 잘 맞아요. 네이비 색상도 고급스러워서 평소에도 캐주얼하게 들고 다니기 좋습니다. 수납공간이 넉넉해 소지품 정리하기도 편했고, 무엇보다 가벼워서 운동 갈 때 부담 없이 들고 다니기 좋아요. 가격 대비 만족도가 높은 제품입니다."
32,디스커버리 25N 신상품 등산배낭 DXBK5025N 에어 스플리트 백팩 17L 경량가방,디스커버리,스포츠/레져,129000,https://foundryiq-image-gallery.azurewebsites.net/images/2237389333_0_600.jpg,"디스커버리 25N 신상품 등산배낭을 최근에 구입해서 주말 산행에 사용해봤어요. 17L 용량이 적당해서 가볍게 필요한 물품만 챙기기 좋고, 에어 스플리트 백팩이라 그런지 착용감이 뛰어나 땀 차는 것도 적었어요. 경량 가방이라 무거운 느낌 없이 편안했고, 디자인도 깔끔해서 일상생활에서도 부담 없이 사용할 수 있을 것 같아요. 가격 대비 내구성도 만족스럽고, 다용도로 활용하기 좋은 배낭입니다."
33,[타미힐피거 여성] T22F6KTO041WT1 린넨 케이블 크루넥 스웨터,타미힐피거,패션의류,197100,https://foundryiq-image-gallery.azurewebsites.net/images/2237551767_0_600.jpg,"봄가을용으로 적당한 두께감의 린넨 케이블 니트입니다. 타미힐피거 특유의 깔끔한 디자인 덕분에 데일리룩으로 활용도가 높아요. 린넨 소재라서 답답하지 않고 통기성이 좋아 한여름 빼곤 두루 입기 좋습니다. 색상도 화이트라 어떤 하의와도 잘 어울리고, 크루넥 디자인이 단정해서 격식 있는 자리에도 무리 없었어요. 다만 린넨 특성상 약간의 까슬거림이 있어 민감한 피부라면 얇은 이너와 함께 입는 걸 추천합니다. 전체적으로 만족스러운 구매였습니다."
34,[타미힐피거여성] 코튼 케이블 카라 스웨터 2색상 T22F6KTO003WT2,타미힐피거,패션의류,197100,https://foundryiq-image-gallery.azurewebsites.net/images/2237571079_0_600.jpg,"타미힐피거 코튼 케이블 카라 스웨터는 부드러운 면 소재라 피부에 자극 없이 편안하게 입을 수 있었어요. 케이블 짜임과 카라 디자인이 클래식하면서도 세련되어 다양한 하의와 잘 어울리고, 두 가지 색상 모두 무난해서 활용도가 높습니다. 봄, 가을 가볍게 걸치기 딱 좋아서 만족합니다. 가격대는 조금 있지만 품질 대비 충분히 가치 있다고 생각해요."
35,(에뜨와) (말띠해출산선물)헨리우주복V블로니양말(2종세트) (07S71750H) (유아/출산/백일/돌선물/조카선물),에뜨와,유아동,98000,https://foundryiq-image-gallery.azurewebsites.net/images/2237803214_0_600.jpg,조카 돌선물로 헨리우주복과 블로니양말 세트를 구매했어요. 우주복은 부드러운 소재라 아기 피부에 자극 없고 착용감도 좋아서 조카가 편안해했답니다. 블로니양말도 디자인이 귀엽고 발을 잘 감싸줘서 따뜻하게 잘 신기고 있어요. 세트 구성이 알차고 마감도 깔끔해 선물용으로 만족스러웠습니다. 가격 대비 품질도 훌륭해 특별한 날 선물로 추천합니다.
36,[라코스테 남성] 25 F/W 팁핑 코튼 크루넥 스웨터 AH5158-55N (2컬러),라코스테남성,패션의류,206100,https://foundryiq-image-gallery.azurewebsites.net/images/2238060096_0_600.jpg,"라코스테 25 F/W 팁핑 코튼 크루넥 스웨터는 고급스러운 느낌과 편안한 착용감이 정말 마음에 들었습니다. 코튼 소재라 피부에 자극 없이 부드럽고, 적당한 두께감 덕분에 가을, 겨울에 레이어드하기 좋아요. 깔끔한 디자인에 소매와 밑단의 팁핑 디테일이 포인트가 되어 세련된 분위기를 줍니다. 컬러도 다양해서 선택의 폭이 넓고, 무엇보다 브랜드답게 내구성도 좋아 오래 입을 수 있을 것 같아요. 가격 대비 만족도 높은 제품입니다."
37,[디스커버리] 글라이드 비브람 DXSH4025N (DXSH4025N),디스커버리,스포츠/레져,219000,https://foundryiq-image-gallery.azurewebsites.net/images/2238291355_0_600.jpg,"디스커버리 글라이드 비브람을 등산용으로 구매했는데 착용감이 정말 편안하고 발에 잘 맞아요. 비브람 아웃솔 덕분에 미끄러운 바위길에서도 안정감이 뛰어나서 산행 내내 자신감 있게 걸을 수 있었습니다. 통풍도 잘 돼서 땀 차는 느낌이 적고, 디자인도 깔끔해 일상 착용하기에도 부담 없어요. 가격대가 조금 있지만 내구성과 기능성을 생각하면 만족스럽습니다."
38,[라코스테 남성] 25 F/W 저지 스트라이프 셔츠 CH451E-55N (YZP),라코스테남성,패션의류,188100,https://foundryiq-image-gallery.azurewebsites.net/images/2238392263_0_600.jpg,라코스테 남성 저지 스트라이프 셔츠는 고급스러운 소재감과 깔끔한 스트라이프 패턴이 정말 마음에 듭니다. 부드러운 저지 원단이라 착용감이 편안하고 활동하기에도 좋아 데일리 셔츠로 딱입니다. 적당한 핏 덕분에 캐주얼하면서도 세련된 느낌이 나서 출근할 때나 주말 나들이 때 모두 활용도가 높아요. 무엇보다 브랜드 특유의 품질이 느껴져 만족스럽습니다. 가격대가 조금 있긴 하지만 그만큼 가치 있는 제품이라 추천합니다.
39,[윌슨] 리플 스커트 W W253002TSK82 GRN,윌슨(백화점),스포츠/레져,151050,https://foundryiq-image-gallery.azurewebsites.net/images/2238595407_0_600.jpg,"윌슨 리플 스커트는 디자인이 세련되고 활동하기 편한 점이 가장 마음에 들었어요. 경량 소재라서 땀 흘려도 금방 마르고, 신축성이 좋아 움직임이 자유로워 운동할 때 부담이 없었습니다. 허리 밴드도 적당히 잡아줘서 착용감이 좋고, 그린 컬러가 은은하면서도 포인트가 되어 자주 손이 가네요. 가격대가 조금 있지만 품질 대비 만족스럽고, 테니스나 골프 같은 스포츠에 딱 맞는 제품이라 추천합니다."
40,[라코스테 남성] 25 F/W 울코튼 반집업 카라 스웨터 AH5187-55G (2컬러),라코스테남성,패션의류,215100,https://foundryiq-image-gallery.azurewebsites.net/images/2238647222_0_600.jpg,"라코스테 남성 울코튼 반집업 카라 스웨터는 가을, 초겨울에 입기 딱 좋은 두께감과 부드러운 소재가 마음에 들었어요. 울과 코튼 혼방이라서 보온성도 뛰어나면서도 피부에 자극 없이 편안하게 착용할 수 있었습니다. 반집업 디자인 덕분에 목 부분 온도 조절이 쉬워 활동할 때도 답답하지 않았고, 카라 덕분에 캐주얼하면서도 세련된 느낌을 줘서 여러 자리에서 활용도가 높았어요. 2컬러 중 베이지톤을 선택했는데 색감도 고급스럽고 어디에나 잘 어울려 만족스럽습니다. 가격대가 조금 있지만 내구성도 좋아서 잘 산 제품 같아요."
41,라코스테우먼 25FW 례귤러핏 폴로셔츠 PF7839-55N 02S,라코스테 우먼,패션의류,127200,https://foundryiq-image-gallery.azurewebsites.net/images/2238668898_0_600.jpg,"라코스테우먼 25FW 폴로셔츠는 고급스러운 소재가 먼저 눈에 띄었어요. 적당히 여유 있는 레귤러핏이라 활동하기 편하고, 깔끔한 디자인 덕분에 데일리룩으로도 손색없습니다. 특히 컬러가 은은해서 봄가을에 입기 좋고, 세탁 후에도 변형 없이 오래 입을 수 있을 것 같아 만족스러웠어요. 가격대는 있지만 그만큼 품질이 뛰어나서 추천합니다."
42,노스페이스 NE3HR55 여성 모자 우먼즈 와이드 햇,노스페이스,스포츠/레져,65550,https://foundryiq-image-gallery.azurewebsites.net/images/2238748010_0_600.jpg,"노스페이스 우먼즈 와이드 햇은 여름철 야외 활동에 정말 유용해요. 챙이 넓어 얼굴과 목을 충분히 가려주고, 통기성이 좋아 오래 써도 답답하지 않아요. 가볍고 조절 끈 덕분에 사이즈 맞추기도 편해 등산이나 캠핑 갈 때 자주 착용 중입니다. 디자인도 심플해서 다양한 옷차림에 잘 어울리고, 내구성도 좋아서 오래 쓸 수 있을 것 같아요. 가격대비 만족도가 높은 제품입니다."
43,[라코스테 남성] 25 F/W 골조직 테이퍼드 치노 HH530E-55N (3컬러),라코스테남성,패션의류,188100,https://foundryiq-image-gallery.azurewebsites.net/images/2238755517_0_600.jpg,"라코스테 남성 골조직 테이퍼드 치노 팬츠는 핏이 정말 깔끔하고 세련돼 보여서 만족스러웠어요. 적당한 두께감과 고급스러운 골조직 원단 덕분에 가을철 입기 딱 좋았습니다. 특히 테이퍼드 라인 덕분에 다리가 길어 보이고 활동성도 좋아 평소 출근용이나 주말 나들이룩으로 자주 입게 되네요. 3가지 컬러 중 제가 선택한 네이비 색상도 워낙 무난해서 코디하기 편했고, 라코스테 브랜드답게 마감 처리도 꼼꼼해서 만족스러웠습니다. 가격대가 조금 있지만 그만큼 퀄리티가 좋아서 재구매 의사 있습니다."
44,노스페이스 NN2PR54A 남여공용 보레알리스 크로스백 스몰 가방 KR,노스페이스,스포츠/레져,56050,https://foundryiq-image-gallery.azurewebsites.net/images/2239058364_0_600.jpg,"노스페이스 보레알리스 크로스백 스몰은 가벼우면서도 수납 공간이 적당해서 일상용으로 딱 좋아요. 내부에 지퍼 포켓이 있어서 작은 소지품 정리하기 편하고, 스트랩도 조절 가능해 남녀 모두 착용하기 편리합니다. 디자인이 심플하면서도 세련돼서 어떤 옷차림에도 잘 어울리고, 내구성도 좋아서 오래 사용할 수 있을 것 같아요. 가격대비 만족도가 높아 추천합니다."
45,[파타고니아코리아] 28818Q7 덕빌 캡 CH,파타고니아,스포츠/레져,61750,https://foundryiq-image-gallery.azurewebsites.net/images/2239090240_0_600.jpg,"파타고니아 덕빌 캡은 가벼우면서도 내구성이 뛰어나서 야외 활동할 때 정말 편리했어요. 특히 챙이 넓어 햇볕을 잘 막아주고, 통기성이 좋아 땀이 차지 않아 쾌적했습니다. 디자인도 심플하면서 세련돼서 일상 패션에도 잘 어울려 활용도가 높아요. 가격대가 조금 있지만 품질을 생각하면 충분히 만족스러운 선택이었어요."
46,[파타고니아코리아] 48262Q7 아톰 슬링 8L CH,파타고니아,스포츠/레져,103550,https://foundryiq-image-gallery.azurewebsites.net/images/2239093917_0_600.jpg,"파타고니아 아톰 슬링 8L는 가벼우면서도 내구성이 뛰어나 일상과 가벼운 등산 모두에 잘 어울립니다. 8리터 용량이지만 수납공간이 효율적으로 나뉘어 있어 작은 소지품 정리에 편리했고, 어깨에 부담 없이 착 감기는 착용감이 만족스러웠습니다. 디자인도 심플하면서 세련돼서 남녀 모두 무난하게 사용할 수 있을 것 같아요. 가격대가 다소 있지만 품질과 실용성을 고려하면 충분히 가치 있는 제품이라 생각합니다."
47,디스커버리 25N 신상품 가방 DXSG5105N 리프레임 티어 드롭 라지 슬링백 여행가방 보조가방,디스커버리,스포츠/레져,99000,https://foundryiq-image-gallery.azurewebsites.net/images/2239100621_0_600.jpg,"디스커버리 25N 신상품 슬링백은 여행할 때 정말 편리했어요. 리프레임 티어 드롭 디자인 덕분에 착용감이 편안하고, 수납 공간도 넉넉해서 스마트폰, 지갑, 보조배터리 모두 여유롭게 들어갑니다. 가벼우면서도 내구성도 좋아서 야외 활동이나 일상용으로 딱이에요. 색상도 세련돼서 어느 옷에나 잘 어울리고, 가격 대비 만족도가 높아 추천합니다."
48,[파타고니아코리아] 47928Q7 가방 리퓨지오 데이팩 백팩 30L Refugio Daypack 30L 15인치 노트북 PG,파타고니아,스포츠/레져,189050,https://foundryiq-image-gallery.azurewebsites.net/images/2239101301_0_600.jpg,"파타고니아 리퓨지오 데이팩 30L는 일상과 야외 활동 모두에 잘 어울리는 백팩입니다. 15인치 노트북 수납 공간이 잘 마련되어 있어 출퇴근용으로도 편리했고, 내부 공간이 넉넉해 책과 간단한 운동용품도 함께 넣기 좋았습니다. 어깨 패드가 두껍고 통기성이 좋아 장시간 착용해도 부담이 적었고, 내구성 좋은 소재 덕분에 비 오는 날에도 안심하고 사용할 수 있었습니다. 심플하면서도 실용적인 디자인이 마음에 들어 앞으로도 꾸준히 애용할 예정입니다."
49,디스커버리 25N 신상품 DXCR5145N 커브 패디드 드로스트링 퍼커링 백 M 여행가방 보조가방,디스커버리,스포츠/레져,79000,https://foundryiq-image-gallery.azurewebsites.net/images/2239101755_0_600.jpg,"디스커버리 25N 커브 패디드 드로스트링 퍼커링 백은 여행할 때 정말 편리했어요. 적당한 크기로 보조가방으로 딱이고, 패딩 처리 덕분에 소지품이 안전하게 보호되는 느낌이 들었어요. 드로스트링 방식이라 열고 닫기도 간편하고, 디자인도 깔끔해서 스포츠룩에 잘 어울렸습니다. 가볍고 튼튼해 데일리로도 추천하고 싶네요. 가격대비 만족도가 높아 앞으로도 자주 사용할 것 같아요."
50,디스커버리 25N 신상품 DXCR5115N 리프레임 호보 크로스백 여행가방 보조가방,디스커버리,스포츠/레져,89000,https://foundryiq-image-gallery.azurewebsites.net/images/2239105601_0_600.jpg,"디스커버리 25N 신상품 DXCR5115N 크로스백을 여행용 보조가방으로 구매했는데, 생각보다 수납 공간이 넉넉하고 가벼워서 좋았습니다. 재질도 튼튼해서 야외 활동할 때 걱정 없이 사용할 수 있었고, 스트랩 조절도 편리해 몸에 잘 맞았습니다. 디자인도 심플하면서 세련돼서 일상용으로도 활용하기 좋네요. 가격 대비 품질 만족스럽습니다."
51,파타고니아코리아 ( 38364Q7 ) 로고 모자 피츠 로이 아이콘 트래드 캡 SC,파타고니아,스포츠/레져,71250,https://foundryiq-image-gallery.azurewebsites.net/images/2239107550_0_600.jpg,"파타고니아 로고 모자는 디자인이 심플하면서도 세련되어 일상은 물론 등산할 때도 잘 어울립니다. 통기성이 좋아서 장시간 착용해도 답답하지 않고, 뒷부분 조절 밴드 덕분에 머리에 딱 맞게 조절할 수 있어 편안합니다. 특히 경량 소재라 무거운 느낌 없이 가볍고, 자외선 차단 효과도 있어 야외 활동 시 만족도가 높았습니다. 가격대는 조금 있지만 내구성과 브랜드 신뢰도를 생각하면 충분히 가치 있는 선택이라고 생각합니다."
52,파타고니아코리아 ( 38296Q7 ) P-6 레이블 트래드 캡 로고 모자 SC,파타고니아,스포츠/레져,71250,https://foundryiq-image-gallery.azurewebsites.net/images/2239107658_0_600.jpg,"파타고니아 P-6 레이블 트래드 캡은 디자인이 정말 깔끔하고 어디에나 잘 어울려서 데일리로 쓰기 좋아요. 땀 흡수가 잘 되는 소재라 야외 활동할 때도 쾌적했고, 사이즈 조절도 편해서 머리에 딱 맞게 착용할 수 있었습니다. 브랜드 특유의 내구성도 느껴져서 오래 쓸 수 있을 것 같고, 무엇보다 로고가 큼직하게 박혀 있어 멋스러워 만족스럽습니다. 가격대가 조금 있지만 품질 대비 충분히 값어치 있는 제품이에요."
53,파타고니아코리아 ( 22545Q7 ) 모자 그래픽 매클루어 햇 캠프 캡 SC,파타고니아,스포츠/레져,80750,https://foundryiq-image-gallery.azurewebsites.net/images/2239108916_0_600.jpg,"파타고니아 그래픽 매클루어 햇 캠프 캡은 착용감이 정말 편안하고 디자인도 세련돼서 일상은 물론 등산할 때도 자주 쓰고 있어요. 통기성이 좋아서 더운 날에도 답답하지 않고, 튼튼한 소재 덕분에 오래 쓸 수 있을 것 같아요. 특히 그래픽이 독특해서 친구들도 어디서 샀냐고 물어볼 정도로 만족스럽습니다. 가격대가 조금 있지만 품질을 생각하면 충분히 가치 있는 선택인 것 같아요."
54,이솝 제라늄 리프 바디 클렌저 500ml,이솝,이미용,59000,https://foundryiq-image-gallery.azurewebsites.net/images/40A0000579_0_600.jpg,"이솝 제라늄 리프 바디 클렌저는 향이 정말 산뜻해서 아침 샤워할 때 기분 전환에 좋아요. 거품도 부드럽고 피부가 뽀득뽀득하지 않아서 건조함 없이 촉촉하게 마무리됩니다. 500ml 용량이라 오래 쓸 수 있어 가성비도 괜찮고, 자연 유래 성분이라 그런지 자극 없이 편안하게 사용할 수 있었어요. 향과 세정력 모두 만족스럽습니다."
55,[디올] NEW 립 글로우,크리스찬 디올,이미용,50000,https://foundryiq-image-gallery.azurewebsites.net/images/40A0135074_0_600.jpg,"디올 뉴 립 글로우는 처음 사용했을 때 입술이 부드럽고 촉촉해져서 정말 만족스러웠어요. 자연스러운 핑크빛 컬러가 입술 본연의 색을 살려줘 데일리로 사용하기 딱 좋습니다. 특히 건조한 계절에도 각질 없이 매끄럽게 발리고, 은은한 광택이 자연스러워서 립스틱 대신 바르기 좋아요. 가격대는 조금 있지만 용량 대비 만족도가 높아 재구매 의사 있습니다."
56,록시땅 핸드크림 30ml 컬렉션 (택1),록시땅,이미용,17000,https://foundryiq-image-gallery.azurewebsites.net/images/40A0226219_0_600.jpg,"록시땅 핸드크림 30ml 컬렉션 중 라벤더 향을 선택했는데 정말 만족스러워요. 적당히 촉촉하면서도 끈적임 없이 빠르게 흡수되어 손을 자주 씻어야 하는 제게 딱이에요. 휴대하기 좋은 작은 사이즈라 가방에 넣고 다니기 편하고, 은은한 향이 오래가서 기분 전환에도 좋아요. 가격대가 조금 있지만 품질과 향을 생각하면 충분히 가치 있다고 느낍니다."
57,크리드 실버 마운틴 워터 50ml,크리드,이미용,410000,https://foundryiq-image-gallery.azurewebsites.net/images/40A0295080_0_600.jpg,크리드 실버 마운틴 워터 50ml를 구매한 후 매일 아침 사용하고 있어요. 상쾌한 시트러스와 은은한 녹차 향이 어우러져 기분 전환에 정말 좋아요. 지속력도 꽤 오래 가서 하루종일 은은하게 남아 만족스럽습니다. 패키지도 고급스러워 선물용으로도 추천할 만해요. 가격대는 있지만 품질을 생각하면 충분히 가치 있는 제품입니다.
58,[산타마리아노벨라] 아쿠아 디 로즈 250ml (장미수 토너)  (+미스트 펌프),산타마리아노벨라,이미용,39000,https://foundryiq-image-gallery.azurewebsites.net/images/40A0640261_0_600.jpg,산타마리아노벨라 아쿠아 디 로즈는 장미향이 은은하게 퍼져 기분 전환에 좋아요. 250ml 용량도 넉넉해서 화장할 때나 잠깐 리프레시할 때 미스트 펌프 덕분에 사용이 편리했어요. 피부가 촉촉해지고 진정되는 느낌이라 민감한 날에도 부담 없었습니다. 자연 추출 성분이라 그런지 자극 없이 산뜻하게 마무리돼서 재구매 의사 있습니다.
59,NEW 울트라 훼이셜 크림 4.0세대 50ml,키엘,이미용,49000,https://foundryiq-image-gallery.azurewebsites.net/images/40A0781492_0_600.jpg,"키엘 울트라 훼이셜 크림 4.0세대는 겨울철 건조한 피부에 정말 효과적이에요. 50ml 용량이라 휴대하기도 편하고, 바르면 촉촉함이 오래가서 하루 종일 당김 없이 편안합니다. 특히 끈적임 없이 부드럽게 스며드는 질감이 마음에 들고, 민감한 피부에도 자극 없이 잘 맞았어요. 가격대는 있지만 꾸준히 사용하기 좋은 가성비 좋은 보습 크림입니다."
60,[디올] 포에버 스킨 글로우 24H 웨어 래디언트 파운데이션,크리스찬 디올,이미용,96000,https://foundryiq-image-gallery.azurewebsites.net/images/40A0797439_0_600.jpg,"디올 포에버 스킨 글로우 파운데이션은 처음 써보는데 피부에 정말 자연스럽게 밀착되네요. 24시간 지속력이라고 해서 반신반의했지만 하루 종일 번들거림 없이 촉촉함이 유지돼서 만족스러웠어요. 커버력도 적당해서 잡티를 가려주면서도 두꺼워 보이지 않고, 광도 은은하게 나서 피부가 건강해 보입니다. 가격대는 있지만 그만큼 품질이 뛰어나고 데일리용으로 추천하고 싶어요."
61,샤넬 르 르쿠르브 실 드 샤넬,샤넬,이미용,38000,https://foundryiq-image-gallery.azurewebsites.net/images/40A0900287_0_600.jpg,"샤넬 르 르쿠르브 실 드 샤넬을 구매하고 나서 눈가와 입가 주름이 조금씩 완화되는 느낌을 받았어요. 가벼운 텍스처라 끈적임 없이 흡수가 빠르고, 바른 뒤 피부가 매끈해져서 메이크업 전에 사용하기도 좋아요. 가격대가 조금 있지만 고급스러운 향과 효과 덕분에 만족스럽습니다. 꾸준히 사용하면 피부 탄력 개선에 도움될 것 같아요."
62,[클라랑스]맨 스킨&로션 세트,클라랑스,이미용,118000,https://foundryiq-image-gallery.azurewebsites.net/images/40A1010278_0_600.jpg,"클라랑스 맨 스킨&로션 세트는 사용감이 정말 산뜻해서 아침 저녁으로 부담 없이 쓸 수 있어 좋아요. 특히 스킨이 끈적임 없이 빠르게 흡수되어서 번들거림 없이 깔끔하고, 로션도 가볍지만 충분한 보습을 줘서 피부가 하루 종일 촉촉하게 유지됩니다. 민감한 제 피부에도 자극 없이 순하고, 은은한 향도 부담 없어서 만족스러워요. 가격대는 조금 있지만 품질을 생각하면 가성비 좋은 제품입니다."
63,[르네휘테르]포티샤 두피 모발 마스크 600ml(+200ml 증정),르네휘테르,이미용,66000,https://foundryiq-image-gallery.azurewebsites.net/images/40A1068583_0_600.jpg,"르네휘테르 포티샤 두피 모발 마스크는 두피가 예민한 편인데도 자극 없이 편안하게 사용할 수 있었어요. 무겁거나 끈적이지 않고 부드럽게 발리면서 모발에 영양을 꽉 채워주는 느낌이 듭니다. 사용 후에는 머릿결이 한결 매끄럽고 건강해진 듯하며, 두피도 한층 깔끔해진 기분이에요. 대용량에 증정까지 포함되어 가성비도 만족스럽고 꾸준히 쓰기 좋은 제품입니다."
64,샤넬 루쥬 코코 플래쉬,샤넬,이미용,59000,https://foundryiq-image-gallery.azurewebsites.net/images/40A1139891_0_600.jpg,"샤넬 루쥬 코코 플래쉬는 발림성이 정말 부드럽고 가벼워서 데일리로 사용하기 딱 좋아요. 촉촉한 느낌이 오래가면서도 번들거림 없이 자연스럽게 마무리돼서 만족스럽습니다. 색상도 은은하게 빛나서 입술이 좀 더 생기 있어 보이고, 휴대하기 편한 디자인 덕분에 자주 손이 가네요. 가격대가 조금 있지만 그만큼 만족스러운 퀄리티라 생각해요."
65,[프레데릭 말] 뮤스크 라바줴 50ml ,프레데릭말,이미용,315000,https://foundryiq-image-gallery.azurewebsites.net/images/40A1154146_0_600.jpg,"프레데릭 말 뮤스크 라바줴 50ml는 은은하면서도 고급스러운 머스크 향이 정말 매력적이에요. 처음 뿌렸을 때는 부드럽고 따뜻한 느낌이 들고, 시간이 지날수록 깊고 풍부한 향이 오래 지속돼서 만족스러웠습니다. 디자인도 심플하면서 세련돼서 화장대에 두기 좋아요. 가격대가 조금 있지만 향의 퀄리티와 지속력을 생각하면 충분히 가치 있다고 생각해요. 데일리용으로도 좋고 특별한 날 사용하기에도 추천합니다."
66,[프레데릭 말] 포트레이트 오브 어 레이디 50ml ,프레데릭말,이미용,387000,https://foundryiq-image-gallery.azurewebsites.net/images/40A1154741_0_600.jpg,"프레데릭 말 포트레이트 오브 어 레이디 50ml는 정말 독특한 향이 매력적이에요. 처음 뿌릴 때는 강렬한 향신료 향이 감도는데 시간이 지나면서 은은한 장미와 나무향이 조화롭게 어우러져 고급스러워요. 지속력도 좋아서 하루 종일 은은하게 남아 만족스럽고, 향수가 무겁지 않아 데일리로도 부담 없이 사용할 수 있습니다. 향 하나로 기분이 확 살아나는 느낌이라 강력 추천해요."
67,샤넬 미르와르 두블르 화세뜨,샤넬,이미용,45000,https://foundryiq-image-gallery.azurewebsites.net/images/40A1247524_0_600.jpg,샤넬 미르와르 두블르 화세뜨는 고급스러운 디자인과 부드러운 질감이 인상적이에요. 머리카락을 감싸면서도 자극 없이 편안하게 사용할 수 있어서 민감한 두피에도 부담 없었어요. 적당한 탄력 덕분에 머리카락이 잘 고정되고 하루 종일 흐트러짐 없이 유지돼서 정말 만족합니다. 가격대는 있지만 품질과 내구성을 생각하면 충분히 가치 있는 제품이라고 생각해요. 앞으로도 꾸준히 쓰고 싶어요.
68,딥티크 오드퍼퓸 오르페옹 75ml,딥티크,이미용,289000,https://foundryiq-image-gallery.azurewebsites.net/images/40A1312695_0_600.jpg,"딥티크 오르페옹 오드퍼퓸은 첫 향부터 굉장히 고급스럽고 은은하게 퍼지는 느낌이 마음에 들었어요. 75ml 용량이라 오래 사용할 수 있어서 가성비도 괜찮다고 생각합니다. 특히 플로럴과 우디가 조화롭게 어우러져 데일리로 쓰기 좋고, 지속력도 꽤 오래 가서 하루 종일 기분 좋게 유지됐어요. 패키지도 세련돼서 선물용으로도 추천하고 싶습니다."
69,[리틀아카이브][크레므앙팡][창주 단독] 칸쵸 모달 낮잠이불세트(J)+베개솜,리틀아카이브,유아동,185000,https://foundryiq-image-gallery.azurewebsites.net/images/60A1352630_0_600.jpg,"아기의 피부가 예민해서 낮잠이불 찾기가 힘들었는데 리틀아카이브 칸쵸 모달 이불세트는 부드러운 소재가 마음에 쏙 들었어요. 통기성도 좋아서 여름철에도 땀 걱정 없고, 크기도 넉넉해 사용하기 편리합니다. 베개솜도 폭신하고 알맞은 크기라 아기가 편안하게 잘 자요. 세탁 후에도 변형 없이 관리가 쉬워 만족스럽습니다. 디자인도 깔끔해서 아이방 분위기와 잘 어울리네요."
70,[파우치 증정] 선쿠션+클렌징패드 (조카선물 스킨케어선물),노베즈,유아동,54000,https://foundryiq-image-gallery.azurewebsites.net/images/40A1356809_0_600.jpg,조카 선물로 노베즈 선쿠션과 클렌징패드 세트를 구매했는데 정말 만족스러워요. 선쿠션은 부드럽고 가벼워서 아이 피부에 자극 없이 잘 발리더라고요. 클렌징패드는 적당히 촉촉해서 메이크업 잔여물도 깨끗하게 닦여서 편리했어요. 파우치도 함께 와서 보관하기 좋고 선물용으로 딱입니다. 아이 피부를 생각한 제품이라 믿음이 가고 앞으로도 꾸준히 사용할 것 같아요.
71,[노베즈][선물포장] 촉촉3종세트 (로션+워시+크림) 선물추천 스킨케어선물 화장품세트,노베즈,유아동,81000,https://foundryiq-image-gallery.azurewebsites.net/images/40A1414881_0_600.jpg,아이 피부가 예민해서 순한 제품을 찾다가 노베즈 촉촉3종세트를 구매했어요. 로션과 크림 모두 끈적임 없이 산뜻하게 발리면서도 보습력이 뛰어나서 아침저녁으로 발라주니 피부가 훨씬 촉촉해졌습니다. 워시도 자극 없이 부드럽게 세정되어 아이가 씻을 때 눈 시림 없이 잘 사용하고 있어요. 깔끔한 선물포장도 마음에 들어 주변 지인 선물로도 추천하고 싶네요. 가격대는 조금 있지만 품질 대비 만족스러운 세트였습니다.
72,[데코르테] 리포솜 어드밴스드 리페어 세럼 75ml 세트,데코르테,이미용,184000,https://foundryiq-image-gallery.azurewebsites.net/images/40A1448111_0_600.jpg,"데코르테 리포솜 어드밴스드 리페어 세럼 75ml 세트를 구매해 한 달 정도 사용해봤어요. 세럼 입자가 정말 미세해서 피부에 빠르게 흡수되고, 바르면 촉촉함이 오래가서 건조함 없이 하루 종일 편안했어요. 특히 피부결이 한층 부드러워지고 탄력이 느껴져서 만족스러워요. 고가라 고민했지만 효과를 보니 가격 대비 충분히 값어치 있다고 생각합니다. 데일리 스킨케어에 추천하고 싶어요."
73,록시땅 시어 버터 드라이 스킨 핸드크림 150ml,록시땅,이미용,41000,https://foundryiq-image-gallery.azurewebsites.net/images/40A1449478_0_600.jpg,"겨울철 건조한 손을 위해 록시땅 시어 버터 핸드크림을 구매했어요. 150ml 대용량이라 자주 덜어 쓰기 편하고, 무겁지 않은 크림 제형이 금세 스며들어 끈적임 없이 촉촉함을 오래 유지해줍니다. 특히 시어 버터 특유의 부드러운 향이 마음에 들고, 손이 거칠어질 때 꾸준히 바르니 확실히 부드러워졌어요. 가격대는 조금 있지만 효과 생각하면 만족스럽습니다."
74,RRL 슬림핏 데님 웨스턴 셔츠(MNRRWOV16820009400),더블알엘(백화점),패션의류,459000,https://foundryiq-image-gallery.azurewebsites.net/images/60A1491148_0_600.jpg,"더블알엘 슬림핏 데님 웨스턴 셔츠는 핏이 정말 예쁘게 떨어져서 만족스러워요. 적당히 슬림하면서도 움직임에 불편함이 없고, 데님 소재가 고급스러워서 캐주얼하면서도 세련된 느낌을 줍니다. 웨스턴 스타일의 디테일이 은은하게 포인트가 되어 어디에나 잘 어울려서 활용도 높아요. 가격대가 있지만 퀄리티와 디자인 모두 기대 이상이라 추천합니다."
75,[겔랑][더창주단 독] 키스키스 비 글로우 립밤 세트 (+메이크업 베이스 2종 증정),겔랑,이미용,50000,https://foundryiq-image-gallery.azurewebsites.net/images/60A1517954_0_600.jpg,"겔랑 키스키스 비 글로우 립밤 세트는 촉촉함과 자연스러운 광택이 정말 만족스러워요. 입술이 건조할 때 바르면 금세 부드럽고 건강한 윤기가 돌면서도 무겁지 않은 느낌이라 데일리로 사용하기 딱이에요. 더창주단 독 한정판 디자인도 고급스러워 소장가치 높고, 메이크업 베이스 2종 증정도 실용적이라 기분 좋게 잘 받았습니다. 가격대가 조금 있지만 그만큼 만족도 높은 제품이에요."
76,설화수[8월]윤조에센스 6세대 90ml 기획세트,설화수,이미용,140000,https://foundryiq-image-gallery.azurewebsites.net/images/40A1537130_0_600.jpg,"평소 건조하고 예민한 피부 때문에 고민이 많았는데 설화수 윤조에센스 6세대 사용 후 확실히 피부가 촉촉해지고 탄력이 생겼어요. 90ml 대용량이라 오래 쓸 수 있어 가성비도 좋고, 흡수도 빨라서 아침저녁으로 부담 없이 바르기 좋아요. 기획세트라 추가로 샘플도 받아 다양한 제품을 체험해볼 수 있어 만족스럽습니다. 꾸준히 사용하면 피부톤이 한층 밝아지는 느낌이라 재구매 의사 있습니다."
77,[에스티 로더]더블웨어 파운데이션 세트(+라뒤레 블렌더 & 마스카라 정품 증정),에스티 로더,이미용,91000,https://foundryiq-image-gallery.azurewebsites.net/images/40A1550844_0_600.jpg,"에스티 로더 더블웨어 파운데이션 세트는 커버력이 정말 뛰어나고 지속력이 오래가서 아침에 바르고 나가면 저녁까지 화장이 거의 무너지지 않아요. 피부가 매트하게 표현되면서도 건조하지 않아 만족스럽습니다. 특히 라뒤레 블렌더가 폭신하고 밀착력이 좋아 파운데이션을 고르게 펴 바를 수 있었고, 마스카라도 자연스럽게 볼륨을 살려줘 세트 구성품 모두 활용도가 높았어요. 가격대가 조금 있지만 그만큼 효과가 확실해 재구매 의사 있습니다."
78,[공식] 롱샴 핸들 파우치 34175089P68,롱샴,패션잡화,160000,https://foundryiq-image-gallery.azurewebsites.net/images/60A1562342_0_600.jpg,"롱샴 핸들 파우치는 깔끔한 디자인과 적당한 크기가 마음에 들어 구입했습니다. 내구성이 좋은 나일론 소재라 가볍고 관리하기 편해 일상에서 자주 들고 다니기 좋아요. 손잡이가 튼튼해 잡기 편하고, 지퍼도 부드럽게 열려서 실용적입니다. 간단한 소지품 넣기 딱 맞는 사이즈라 데일리용으로 만족스럽습니다. 가격대가 조금 있지만 브랜드 가치와 품질을 생각하면 충분히 괜찮은 선택이었어요."
79,[공식] 롱샴 르 플리아쥬 그린 탑핸들백L1621919P66,롱샴,패션잡화,210000,https://foundryiq-image-gallery.azurewebsites.net/images/60A1563777_0_600.jpg,"롱샴 르 플리아쥬 그린 탑핸들백을 구매했는데 색상이 정말 산뜻하고 고급스러워서 마음에 듭니다. 가볍고 접을 수 있어 휴대하기 편리하고, 내부 공간도 넉넉해서 일상용품을 충분히 넣을 수 있어 실용적이에요. 손잡이도 견고하고 그립감이 좋아서 들고 다니기 편합니다. 전체적으로 디자인과 기능성이 잘 어우러진 가방이라 데일리로 활용하기에 만족스럽습니다."
80,[메종 마르지엘라] 가죽 카드 지갑 T8013,메종마르지엘라(OTB),패션잡화,670000,https://foundryiq-image-gallery.azurewebsites.net/images/40A1597641_0_600.jpg,"메종 마르지엘라 가죽 카드 지갑은 고급스러운 가죽 질감이 정말 만족스러웠습니다. 슬림한 디자인 덕분에 주머니에 부담 없이 쏙 들어가고, 카드 수납 공간도 적당해서 실용적이에요. 특히 브랜드 특유의 미니멀함과 세련된 마감이 돋보여서 사용할 때마다 기분이 좋습니다. 가격대가 있는 편이지만 품질과 디자인 면에서 충분히 가치 있다고 생각해요. 매일 들고 다니기 좋은 지갑입니다."
81,[메종 마르지엘라] 라지 가죽 체인 지갑 T8013,메종마르지엘라(OTB),패션잡화,1300000,https://foundryiq-image-gallery.azurewebsites.net/images/40A1597715_0_600.jpg,"메종 마르지엘라 라지 가죽 체인 지갑을 구매한 지 한 달쯤 됐는데 가죽 질감이 정말 부드러워서 사용감이 좋고 고급스러워 보여 만족스럽습니다. 체인 스트랩 덕분에 크로스로 멜 수 있어 손이 자유롭고, 내부 공간도 넉넉해 카드와 지폐, 간단한 소지품을 깔끔하게 정리할 수 있어 실용적이에요. 디자인이 심플하면서도 세련돼 어디에나 잘 어울려 데일리 아이템으로 제격입니다. 가격대가 부담스러울 수 있지만 품질과 디자인 모두 만족스러워 추천합니다."
82,[메종 마르지엘라] 뉴메리컬 링 SI8UQ0003,메종마르지엘라(OTB),패션잡화,620000,https://foundryiq-image-gallery.azurewebsites.net/images/40A1597807_0_600.jpg,"메종 마르지엘라 뉴메리컬 링은 심플하면서도 고급스러운 디자인이 인상적입니다. 은은한 광택과 깔끔한 숫자 각인이 세련된 포인트가 되어 언제나 손가락에 착 감겨요. 무겁지 않고 착용감이 좋아 장시간 착용해도 불편함이 없었습니다. 가격대가 있는 만큼 퀄리티가 확실히 느껴지고, 데일리 아이템으로 손색없어 만족스럽습니다."
83,[메종 마르지엘라] 5AC 버킷 스몰 백 T8013,메종마르지엘라(OTB),패션잡화,2150000,https://foundryiq-image-gallery.azurewebsites.net/images/40A1600180_0_600.jpg,"메종 마르지엘라 5AC 버킷 스몰 백은 디자인이 정말 세련되고 어떤 옷에도 잘 어울려 자주 손이 가는 가방이에요. 크기가 작지만 내부 공간이 생각보다 넉넉해서 필수품을 넣기에 충분하고, 부드러운 가죽 소재가 고급스러우면서도 튼튼해 오래 쓸 수 있을 것 같아요. 버킷 형태라 자연스럽게 모양이 잡혀서 들었을 때 예쁘고, 스트랩 길이 조절도 편리해서 다양한 스타일로 연출하기 좋습니다. 가격대가 있지만 그만큼 만족스러운 퀄리티를 느낄 수 있어 추천합니다."
84,[엘리자베스아덴]그린티 데오드란트 스프레이 150ml 트리플 스페셜 세트,엘리자베스아덴,이미용,44000,https://foundryiq-image-gallery.azurewebsites.net/images/40A1618389_0_600.jpg,"엘리자베스아덴 그린티 데오드란트 스프레이는 상큼한 그린티 향이 오래가서 하루 종일 기분 좋게 사용할 수 있었어요. 땀 냄새를 잘 잡아주면서도 자극 없이 산뜻해서 민감한 피부에도 부담 없었고, 150ml 용량이라 한 달 이상 넉넉히 쓸 수 있어 가성비도 만족스러웠습니다. 트리플 세트라서 선물용으로도 좋을 것 같아요."
85,[스위스유스트] 31허브오일 75,유스트,이미용,98000,https://foundryiq-image-gallery.azurewebsites.net/images/40A1618697_0_600.jpg,"스위스유스트 31허브오일 75를 구매해서 한 달째 사용 중입니다. 허브 향이 진해서 처음엔 조금 강하게 느껴졌지만, 피부에 흡수되면서 은은한 향으로 변해 매우 만족스러워요. 건조한 부위에 발라주면 촉촉함이 오래 지속되고, 피부 트러블 진정에도 효과를 본 것 같아요. 가격대가 조금 있지만 자연 유래 성분이라 믿음이 가고, 꾸준히 사용하기 좋은 제품입니다."
86,[공식] 롱샴 르 플리아쥬 오리지널 숄더백 L2605089P71,롱샴,패션잡화,230000,https://foundryiq-image-gallery.azurewebsites.net/images/60A1624003_0_600.jpg,"롱샴 르 플리아쥬 숄더백을 구매한 지 한 달 정도 됐는데 가볍고 접이식이라 휴대하기 정말 편리해요. 세련된 디자인 덕분에 출근룩이나 주말 캐주얼 모두 잘 어울리고, 수납 공간도 넉넉해서 지갑, 화장품 등 필수품을 깔끔하게 정리할 수 있습니다. 내구성도 좋아 보여 오래 사용할 수 있을 것 같아 만족스럽습니다. 가격대는 조금 있지만 그만큼 가치 있는 아이템이라 생각합니다."
87,[공식] 롱샴 르 플리아쥬 오리지널 파우치 34175089001,롱샴,패션잡화,160000,https://foundryiq-image-gallery.azurewebsites.net/images/60A1627984_0_600.jpg,"롱샴 르 플리아쥬 오리지널 파우치는 가볍고 접었을 때도 부피가 적어 휴대하기 정말 편리해요. 내구성 좋은 나일론 소재라 일상 사용에도 부담 없고, 지퍼가 부드럽게 잘 열려서 소지품을 넣고 빼기 편리합니다. 심플하면서도 세련된 디자인 덕분에 어느 옷차림에도 잘 어울려 활용도가 높아요. 가격 대비 만족도가 높아 추천합니다."
88,헤라 [기획]센슈얼 누드 글로스 5g,헤라,이미용,40000,https://foundryiq-image-gallery.azurewebsites.net/images/40A1632342_0_600.jpg,"헤라 센슈얼 누드 글로스는 입술에 자연스러운 광택을 더해주면서도 끈적임 없이 가볍게 발려서 정말 만족스러웠어요. 색상도 누드톤이라 데일리로 사용하기 딱 좋고, 입술이 촉촉해 보이면서도 번들거리지 않아 여러 번 덧발라도 부담 없었습니다. 작고 휴대하기 편한 사이즈라 가방에 넣어 다니기 좋아서 재구매 의사 있습니다."
89,[상품권 1만원/기획] 크리드 어벤투스 50ml,크리드,이미용,430000,https://foundryiq-image-gallery.azurewebsites.net/images/40A1634908_0_600.jpg,"크리드 어벤투스 50ml는 이름값을 하는 향수입니다. 처음 뿌렸을 때 상쾌한 시트러스 향이 은은하게 퍼지면서 시간이 지날수록 우디하고 스모키한 깊은 향으로 변하는 점이 특히 마음에 들었어요. 지속력도 하루 종일 유지돼서 여러 번 덧뿌리지 않아도 되니 편리합니다. 가격대가 높은 편이지만 특별한 날이나 선물용으로 충분히 가치 있는 제품이라 생각합니다. 고급스러운 디자인 패키지도 만족스럽고, 주변에서도 향이 좋다는 말을 자주 들었어요."
90,[나이키] DF 피트니스 티셔츠 NIKE DX0990-010,나이키,스포츠/레져,23480,https://foundryiq-image-gallery.azurewebsites.net/images/40A1673179_0_600.jpg,"나이키 DF 피트니스 티셔츠는 가벼운 소재 덕분에 운동할 때 땀 흡수와 통기성이 정말 좋아요. 디자인도 심플하면서 세련돼서 일상복으로도 부담 없이 입기 좋았고, 착용감도 편안해서 장시간 착용해도 불편함이 없었어요. 가격 대비 품질도 만족스럽고 특히 뒷부분 메쉬 처리 덕분에 더 시원한 느낌이 들어 여름철 운동복으로 강추합니다."
91,[프레드릭 콘스탄트] FC-265S5B6 클래식 쿼츠 문페이즈,프레드릭 콘스탄트(백화점),패션잡화,1290000,https://foundryiq-image-gallery.azurewebsites.net/images/40A1690183_0_600.jpg,"프레드릭 콘스탄트 FC-265S5B6 클래식 쿼츠 문페이즈 시계는 세련된 디자인과 정교한 문페이즈 기능이 정말 매력적입니다. 슬림한 케이스 덕분에 손목에 부담이 없고, 가죽 스트랩도 부드러워 착용감이 뛰어납니다. 시간을 정확하게 알려주는 쿼츠 무브먼트 덕분에 신뢰감도 높아요. 고급스러운 느낌에 비해 가격대도 합리적이라 데일리용이나 특별한 날 착용하기 모두 만족스럽습니다."
92,[프레드릭콘스탄트] FC-292MG5B6B 클래식 쿼츠 크로노그래프,프레드릭 콘스탄트(백화점),패션잡화,1164500,https://foundryiq-image-gallery.azurewebsites.net/images/40A1691463_0_600.jpg,"프레드릭 콘스탄트 클래식 쿼츠 크로노그래프를 구매한 후 매일 착용하고 있습니다. 스테인리스 스틸 케이스와 세련된 다이얼 디자인이 고급스러우면서도 심플해 어떤 복장에도 잘 어울립니다. 크로노그래프 기능이 실용적이라 시간을 정확히 재야 할 때 매우 편리하고, 무게감이 적당해 장시간 착용해도 부담이 없습니다. 특히 백화점에서 구매해 정품 보증과 사후서비스도 안심할 수 있어 만족스럽습니다. 가격대비 품질이 뛰어나 추천하고 싶습니다."
93,[프리츠한센] 공식판매처 정품 프리츠한센 IKEBANA LONG - BRASS,프리츠한센(백화점),인테리어,311600,https://foundryiq-image-gallery.azurewebsites.net/images/40A1693568_0_600.jpg,프리츠한센 IKEBANA LONG - BRASS를 구매하고 거실 장식용으로 사용 중입니다. 고급스러운 황동 소재 덕분에 빛 반사가 아름답고 무게감도 있어 안정적으로 받쳐줍니다. 길고 슬림한 디자인이 화병이나 조화와 정말 잘 어울려 공간이 한층 세련돼 보이네요. 내구성도 좋아 보여 오래도록 사용할 수 있을 것 같아 만족스럽습니다. 가격대가 있지만 그만큼 가치 있는 인테리어 아이템입니다.
94,[프리츠한센] 공식판매처 정품 프리츠한센 IKEBANA LARGE - BRASS,프리츠한센(백화점),인테리어,311600,https://foundryiq-image-gallery.azurewebsites.net/images/40A1693574_0_600.jpg,프리츠한센 IKEBANA LARGE 브라스는 인테리어 소품으로 정말 만족스러워요. 고급스러운 황동 소재 덕분에 시간이 지나도 변색 없이 오랫동안 사용할 수 있을 것 같아요. 크기도 적당해서 거실 테이블 위에 두니 공간이 한층 세련돼 보입니다. 꽃을 꽂았을 때도 안정감 있고 디자인이 심플하면서도 독특해서 집 분위기를 살려줍니다. 가격대는 조금 있지만 퀄리티를 생각하면 충분히 가치 있는 선택이었어요.
95,[프리츠한센] 공식판매처 정품 프리츠한센 IKEBANA SMALL - STAINLESS STEEL,프리츠한센(백화점),인테리어,169100,https://foundryiq-image-gallery.azurewebsites.net/images/40A1693578_0_600.jpg,"프리츠한센의 IKEBANA SMALL 스테인리스 스틸 화병을 구매했는데 디자인이 정말 세련되고 고급스러워서 집안 분위기가 한층 살아났어요. 스테인리스 소재라서 무게감이 있으면서도 견고하고 관리하기 편해요. 작은 사이즈지만 꽃을 꽂았을 때 안정감이 있고, 다양한 공간에 잘 어울려서 인테리어 포인트로 딱입니다. 가격대가 조금 있지만 브랜드 가치와 퀄리티를 생각하면 만족스러운 선택이었습니다."
96,[프리츠한센] 공식판매처 정품 프리츠한센 IKEBANA LONG - STAINLESS STEEL,프리츠한센(백화점),인테리어,311600,https://foundryiq-image-gallery.azurewebsites.net/images/40A1693581_0_600.jpg,"프리츠한센 IKEBANA LONG 스테인리스 스틸 꽃병은 심플하면서도 세련된 디자인이 인테리어에 큰 변화를 줬어요. 길고 슬림한 형태 덕분에 공간을 차지하지 않으면서도 꽃을 돋보이게 해주고, 고급스러운 스테인리스 소재라 관리도 편해 만족스럽습니다. 무게감도 적당해 안정감이 있고 어떤 스타일의 꽃과도 잘 어울려서 집안 분위기가 한층 밝아졌습니다. 가격대가 있지만 그만큼 가치 있다고 느껴져요."
97,[프리츠한센] 공식판매처 정품 프리츠한센 IKEBANA LARGE - STAINLESS STEEL,프리츠한센(백화점),인테리어,311600,https://foundryiq-image-gallery.azurewebsites.net/images/40A1693599_0_600.jpg,"프리츠한센 IKEBANA LARGE 스테인리스 스틸 화병을 거실 한가운데에 두었는데, 깔끔한 디자인 덕분에 공간이 한층 세련되어 보입니다. 소재가 튼튼하면서도 광택이 고급스러워서 관리하기도 편해요. 꽃을 꽂았을 때 안정감이 뛰어나고 크기도 적당해서 대형 꽃다발을 잘 받쳐줍니다. 가격대가 있지만 만족도가 높아 인테리어 소품으로 강력 추천합니다."
98,[나스] 에프터글로우 리퀴드 블러쉬,NARS,이미용,45000,https://foundryiq-image-gallery.azurewebsites.net/images/40A1710549_0_600.jpg,"나스 에프터글로우 리퀴드 블러쉬는 정말 자연스러운 혈색을 만들어줘서 만족스러워요. 가볍게 발리면서도 피부에 잘 스며들어 하루 종일 들뜸 없이 유지돼요. 톡톡 두드리면 자연스러운 광채가 올라와서 얼굴이 환해 보이고, 여러 번 덧발라도 뭉침 없이 부드럽게 표현돼서 데일리 메이크업에 딱이에요. 용기도 세련돼서 사용하기 편리하고, 가격 대비 만족도가 높아요."
99,컨버스 척테일러 올스타 클래식 블랙 M9166C,컨버스,스포츠/레져,46920,https://foundryiq-image-gallery.azurewebsites.net/images/60A1729602_0_600.jpg,"컨버스 척테일러 올스타 클래식 블랙 M9166C는 디자인이 정말 깔끔해서 어떤 옷에도 잘 어울려 데일리 슈즈로 딱이에요. 착용감도 생각보다 편안해서 하루 종일 신어도 발에 무리가 없었고, 가벼운 소재 덕분에 발이 답답하지 않았습니다. 무엇보다 내구성이 좋아서 오랜 시간 신어도 형태가 흐트러지지 않는 점이 만족스러웠어요. 가격 대비 퀄리티가 뛰어나서 가성비 좋은 운동화라고 생각합니다."
100,스토케 플렉시바스 엑스라지 (색상선택),스토케(백/트립트랩外),유아동,85000,https://foundryiq-image-gallery.azurewebsites.net/images/40A1736974_0_600.jpg,"스토케 플렉시바스 엑스라지를 6개월 된 아기용으로 구입했어요. 기존 제품에 비해 크기가 커서 신생아부터 유아까지 오래 사용할 수 있어 만족스럽습니다. 색상도 다양해서 우리 집 인테리어와 잘 어울렸고, 소재가 부드럽고 내구성도 좋아 보여요. 조립도 간편해서 처음 사용하는 부모도 어렵지 않아요. 무엇보다 아기가 편안해하는 모습에 구매하길 잘했다는 생각이 듭니다. 가격대가 조금 있지만 품질 대비 충분히 가치 있다고 생각합니다."
101,스토케 리마스 아기띠,스토케(백/트립트랩外),유아동,190000,https://foundryiq-image-gallery.azurewebsites.net/images/40A1736997_0_600.jpg,"스토케 리마스 아기띠는 디자인도 심플하고 착용감이 정말 좋아서 하루 종일 아기를 안고 있어도 부담이 적었어요. 허리와 어깨에 무리가 가지 않도록 쿠션감이 잘 되어 있어 편안했고, 아기 자세도 안정적이라 신생아부터 사용하기에 딱이었어요. 소재도 부드럽고 세탁도 쉬워서 관리가 편리했습니다. 가격대는 조금 있지만 그만큼 만족도가 높아 추천하고 싶어요."
102,스토케 리마스 아기띠 플렉스,스토케(백/트립트랩外),유아동,210000,https://foundryiq-image-gallery.azurewebsites.net/images/40A1737011_0_600.jpg,"스토케 리마스 아기띠 플렉스는 착용감이 정말 편안해서 하루 종일 아기를 안고 있어도 어깨나 허리에 부담이 적었어요. 소재도 부드럽고 통기성이 좋아 여름에도 쾌적하게 사용할 수 있었고, 다양한 체형에 맞게 조절이 가능해 가족 모두가 편리하게 쓸 수 있었습니다. 디자인도 심플하고 세련돼 외출 시에도 스타일을 해치지 않아 만족합니다. 가격대가 조금 있지만 내구성과 편리성을 고려하면 충분히 가치 있다고 생각해요."
103,컨버스 척테일러 올스타 리프트 캔버스 화이트 560251C,컨버스,스포츠/레져,53720,https://foundryiq-image-gallery.azurewebsites.net/images/60A1738894_0_600.jpg,"컨버스 척테일러 올스타 리프트 캔버스 화이트 560251C는 깔끔한 디자인과 편안한 착용감이 정말 만족스러워요. 특히 리프트 솔 덕분에 키가 조금 커 보이는 효과도 마음에 들고, 캔버스 소재라 통기성이 좋아서 장시간 신어도 발이 덥지 않네요. 화이트 색상이 다양한 옷과 잘 어울려 데일리 슈즈로 딱입니다. 가격대비 품질도 훌륭해서 재구매 의사 있습니다."
104,컨버스 척테일러 올스타 무브 화이트 570257C,컨버스,스포츠/레져,57800,https://foundryiq-image-gallery.azurewebsites.net/images/60A1738899_0_600.jpg,"컨버스 척테일러 올스타 무브 화이트는 디자인이 깔끔해서 어떤 옷에나 잘 어울려 자주 신게 됩니다. 가벼운 무게 덕분에 장시간 착용해도 발에 부담이 적고, 통기성도 좋아 땀이 차지 않아 쾌적합니다. 평소 250mm 신는데 정사이즈로 편안하게 잘 맞았고, 밑창이 미끄럽지 않아 데일리 운동화로도 만족스럽습니다. 가격 대비 퀄리티가 좋아 가성비 좋은 스니커즈를 찾는 분께 추천합니다."
105,[아워글래스] 앰비언트 블러쉬,아워글래스,이미용,70000,https://foundryiq-image-gallery.azurewebsites.net/images/40A1748230_0_600.jpg,아워글래스 앰비언트 블러쉬는 발색이 부드럽고 자연스러워서 매일 데일리로 사용하기 좋았습니다. 파우더가 곱고 밀착력이 뛰어나 피부에 금방 스며드는 느낌이라 하루 종일 화사한 혈색을 유지할 수 있었어요. 색상도 은은하게 빛나면서 얼굴에 생기를 주어 특별한 날뿐 아니라 평소 메이크업에도 잘 어울립니다. 가격대가 좀 있지만 만족스러운 투자라고 생각합니다.
106,폴로 랄프 로렌 여성 폴로 ID 미디엄 레더 숄더백(WAPOBAG02V20040001),폴로 랄프 로렌 여성,패션잡화,899000,https://foundryiq-image-gallery.azurewebsites.net/images/60A1772045_0_600.jpg,"폴로 랄프 로렌 여성 폴로 ID 미디엄 레더 숄더백을 구매한 지 한 달 정도 되었는데 고급스러운 가죽 질감과 세련된 디자인이 정말 마음에 듭니다. 중간 크기로 데일리 사용하기 딱 좋고, 내부 수납 공간도 넉넉해서 지갑, 핸드폰, 화장품 등 필요한 물건들을 깔끔하게 정리할 수 있어 편리해요. 스트랩 길이 조절도 가능해 다양한 스타일로 활용하기 좋습니다. 가격대가 있지만 만족스러운 투자였어요."
107,설화수[8월]퍼펙팅 쿠션 에어리 본품15g+리필15g SPF50+,설화수,이미용,89000,https://foundryiq-image-gallery.azurewebsites.net/images/40A1781301_0_600.jpg,"설화수 퍼펙팅 쿠션은 촉촉하면서도 가벼운 발림성이 정말 마음에 들어요. SPF50+ 덕분에 자외선 걱정 없이 데일리로 사용하기 좋고, 자연스러운 커버력으로 피부 톤이 고르게 표현돼 만족스러워요. 리필도 함께 들어 있어서 경제적이고 휴대하기 편리해요. 지속력도 꽤 좋아서 하루 종일 번들거림 없이 산뜻하게 유지됩니다. 고급스러운 디자인도 기분을 좋게 해주네요."
108,[킬리안] 굿 걸 곤 배드 50ml (리필 가능),킬리안-향수,이미용,378000,https://foundryiq-image-gallery.azurewebsites.net/images/40A1788199_0_600.jpg,"킬리안 굿 걸 곤 배드는 처음 맡았을 때부터 고급스러운 플로럴 향과 우디한 느낌이 잘 어우러져 매우 만족스러웠습니다. 50ml 용량에 리필이 가능해 환경을 생각하는 점도 좋고, 지속력도 하루 종일 은은하게 유지되어 데일리 향수로 딱입니다. 디자인도 세련되어 화장대 위에 두기만 해도 기분이 좋아집니다. 가격대가 부담스러울 수 있지만 그만큼 가치 있는 향수라고 생각해요."
109,[디즈니 스토어 공식 상품] 픽사 토이스토리 우디 토킹 액션 피규어 (101Q319B001),디즈니,유아동,79000,https://foundryiq-image-gallery.azurewebsites.net/images/40A1789250_0_600.jpg,"아이 생일 선물로 구매했는데 우디 캐릭터가 정말 정교하게 만들어져서 아이가 너무 좋아해요. 손에 쥐기 딱 좋은 크기라 아이가 혼자서도 쉽게 가지고 놀 수 있고, 다양한 대사를 직접 들려줘서 놀이 시간이 더욱 재미있어졌습니다. 소리도 선명하고 버튼 누르기도 편해서 만족스럽네요. 디즈니 정품이라 믿음도 가고 품질도 좋아 오래도록 잘 가지고 놀 것 같아요. 가격대가 조금 있지만 만족도는 충분합니다."
110,정샘물 에센셜 스킨 누더 롱웨어 쿠션(본품+리필)(물 토너15ml + 물크림 라이트 8ml+물결크림5ml),정샘물,이미용,45000,https://foundryiq-image-gallery.azurewebsites.net/images/40A1796282_0_600.jpg,"정샘물 에센셜 스킨 누더 롱웨어 쿠션을 구매했는데 피부에 자연스럽게 밀착되어 하루 종일 무너짐 없이 깔끔해서 만족스러워요. 특히 본품과 리필뿐만 아니라 토너, 라이트 크림, 물결 크림 샘플이 함께 와서 건조함 없이 촉촉하게 마무리되더라고요. 가벼운 사용감인데도 커버력이 좋아 데일리로 쓰기 좋습니다. 가격대비 구성도 알차고 앞으로도 재구매 의사 있습니다."
111,미니 람파스 18K 귀걸이,미꼬쥬얼리,보석/장신구,990000,https://foundryiq-image-gallery.azurewebsites.net/images/40A1799103_0_600.jpg,"미꼬쥬얼리 미니 람파스 18K 귀걸이를 구매하고 정말 만족합니다. 18K 골드 특유의 고급스러운 광택이 은은하게 빛나면서도 과하지 않아 데일리로 착용하기 딱 좋아요. 크기가 작아 부담 없이 어디에나 매치하기 쉽고, 착용감도 가벼워 장시간 착용해도 불편함이 없었습니다. 세련된 디자인 덕에 친구들한테도 칭찬 많이 받았고, 가격대가 조금 있지만 퀄리티를 생각하면 충분히 가치 있는 선택이라고 생각해요."
112,[디즈니 스토어 공식 상품] 프린세스 디럭스 피규어 세트 (101Q222B017),디즈니,유아동,49000,https://foundryiq-image-gallery.azurewebsites.net/images/40A1809466_0_600.jpg,"딸 생일 선물로 구매했는데 디즈니 프린세스들이 한 세트로 모여 있어 정말 좋아했어요. 각 인형의 디테일이 섬세하고 색감도 선명해서 아이가 놀이할 때마다 눈을 반짝입니다. 크기도 아담해서 손에 쥐기 편하고, 튼튼한 재질이라 오래 사용해도 쉽게 망가지지 않을 것 같아요. 가격대가 조금 있지만 공식 상품이라 믿음이 가고 선물용으로 강력 추천합니다."
113,[멜리멜로] 생일/집들이선물 클래식 스톤 디퓨저 생일 집들이 친구선물,멜리멜로,인테리어,28000,https://foundryiq-image-gallery.azurewebsites.net/images/60A1810739_0_600.jpg,"친구 집들이 선물로 멜리멜로 클래식 스톤 디퓨저를 구매했는데, 디자인이 정말 세련되고 고급스러워서 받는 분도 무척 좋아했어요. 스톤 재질이라 인테리어 소품으로도 손색없고 은은한 향이 집안 분위기를 편안하게 만들어줍니다. 가격도 적당해서 선물용으로 추천하고 싶어요. 향 지속력도 꽤 오래가는 편이라 만족스러웠습니다."
114,[모로칸오일] 트리트먼트 오일 100ml,모로칸오일,이미용,64000,https://foundryiq-image-gallery.azurewebsites.net/images/40A1818685_0_600.jpg,"모로칸오일 트리트먼트 오일은 처음 사용했을 때부터 머릿결이 훨씬 부드러워지는 느낌이었어요. 적은 양으로도 충분히 윤기가 나고, 무겁지 않아서 아침 스타일링 전에도 부담 없이 사용할 수 있었습니다. 특유의 은은한 아르간 오일 향도 마음에 들고, 건조했던 끝부분이 확실히 촉촉해져서 재구매 의사 있습니다. 가격대가 조금 있지만 효과를 생각하면 만족스러워요."
115,[헬렌카민스키] 마리솔 MARISOL,헬렌카민스키,패션잡화,248000,https://foundryiq-image-gallery.azurewebsites.net/images/60A1819289_0_600.jpg,"헬렌카민스키 마리솔 모자는 고급스러운 라피아 소재라서 착용했을 때 통기성이 좋아 여름 내내 시원하게 쓸 수 있었어요. 챙이 넓어 자외선 차단 효과도 뛰어나고, 디자인이 세련돼서 어떤 옷에도 잘 어울렸습니다. 무게도 가벼워 장시간 착용해도 부담 없고, 마감 처리도 꼼꼼해 만족스러웠어요. 가격대가 좀 있지만 그만큼 퀄리티가 확실해 소장 가치가 충분한 제품입니다."
116,론진 미니 돌체비타 섹터 다이얼 베젤 다이아 21.5x29MM L5.200.0.75.6,론진,패션잡화,6100000,https://foundryiq-image-gallery.azurewebsites.net/images/40A1842528_0_600.jpg,"론진 미니 돌체비타 섹터 다이얼 베젤 다이아는 디자인이 정말 고급스럽고 세련돼서 착용할 때마다 기분이 좋아집니다. 21.5x29mm의 적당한 크기가 손목에 딱 맞아 부담 없이 데일리로 착용하기 좋고, 다이아 베젤이 은은하게 빛나서 우아한 포인트가 됩니다. 섹터 다이얼 덕분에 시계가 더욱 입체적이고 독특해 보이며, 론진 특유의 정교한 마감이 느껴져 만족도가 높아요. 가격대가 있지만 그만큼 가치 있는 투자인 것 같아 앞으로도 오래 애용할 예정입니다."
117,[파리게이츠] (521D2AC501)여성 폼폼 로고 패턴 스퀘어 스카프,파리게이츠,스포츠/레져,27360,https://foundryiq-image-gallery.azurewebsites.net/images/40A1847584_0_600.jpg,"파리게이츠 폼폼 로고 패턴 스퀘어 스카프를 구매했는데 디자인이 정말 예뻐요. 스포츠룩에 포인트 주기 딱 좋고, 부드러운 소재라 목에 감았을 때 편안합니다. 적당한 크기로 다양한 스타일 연출이 가능해 활용도가 높아요. 가격도 부담스럽지 않아 가성비 만족스럽습니다. 폼폼 디테일이 귀여워서 여성스러운 느낌도 살리고 싶을 때 자주 착용하게 되네요. 전체적으로 데일리 스카프로 추천합니다."
118,헤라 [기획]블랙쿠션 파운데이션 SPF34/PA++ 15gx2 (본품1개+리필1개),헤라,이미용,74000,https://foundryiq-image-gallery.azurewebsites.net/images/40A1849186_0_600.jpg,"헤라 블랙쿠션은 커버력이 뛰어나면서도 가볍게 발려서 하루 종일 피부가 답답하지 않았어요. SPF34/PA++ 덕분에 자외선 차단도 되니 외출할 때 안심이 됩니다. 리필까지 함께 들어 있어 경제적이고, 케이스 디자인도 세련돼서 사용하기 편리해요. 피부 톤도 자연스럽게 보정해줘서 데일리로 강추합니다."
119,리카리카 코튼 캔디 하네스 X자형 4컬러,리카리카,문화/취미,39000,https://foundryiq-image-gallery.azurewebsites.net/images/40A1878309_0_600.jpg,"리카리카 코튼 캔디 하네스 X자형은 디자인이 정말 귀여워서 첫눈에 반했어요. 4가지 컬러 중 산뜻한 민트색을 선택했는데, 색감이 사진보다 더 예쁘고 부드러워서 만족스럽습니다. 소재도 코튼이라 피부에 자극 없고 착용감이 편안해 신축성도 좋아요. 집 근처 산책할 때 자주 사용하는데, 튼튼하고 조절도 쉬워서 아이도 불편해하지 않네요. 가격대비 퀄리티가 좋아서 추천하고 싶어요."
120,나스 NEW 블러쉬,NARS,이미용,49000,https://foundryiq-image-gallery.azurewebsites.net/images/40A1884255_0_600.jpg,나스 NEW 블러쉬는 발림성이 정말 부드럽고 자연스러운 혈색을 만들어줘서 매일 사용하게 돼요. 색상이 너무 과하지 않고 은은하게 올라와서 데일리 메이크업에 딱이에요. 가루날림도 적고 지속력도 좋아서 오후까지 생기 있는 얼굴을 유지할 수 있었어요. 가격대가 살짝 있지만 만족스러운 품질이라 투자할 만합니다. 패키지도 세련되어서 파우치에 넣고 다니기 좋아요.
121,[오르카홈] 여름용 냉감 중형(M) 에어코일 커브 펫 매트리스 2color ,오르카홈,문화/취미,149000,https://foundryiq-image-gallery.azurewebsites.net/images/40A1886556_0_600.jpg,"오르카홈 여름용 냉감 에어코일 펫 매트리스를 구매했는데 우리 강아지가 너무 편안해하는 모습에 만족스러워요. 중형 사이즈라 딱 맞고, 에어코일 구조 덕분에 통풍이 잘 돼서 더위에도 시원하게 잘 수 있어요. 소재도 부드럽고 내구성도 좋아 보여서 오래 쓸 수 있을 것 같아요. 색상도 두 가지라 인테리어와 잘 어울려서 좋네요. 가격대는 있지만 품질 생각하면 충분히 값어치 있다고 생각합니다."
122,[디즈니스토어 공식 상품][PB] 미키인서울 한복 마그넷 미니마우스 (8804097677181),디즈니,인테리어,29000,https://foundryiq-image-gallery.azurewebsites.net/images/40A1889313_0_600.jpg,"미키인서울 한복 마그넷 미니마우스는 정말 귀엽고 세련된 디자인이 마음에 듭니다. 한복 디테일이 정교하게 표현되어 있어 작은 인테리어 소품으로도 손색없어요. 냉장고에 붙였는데 자석도 강력해서 잘 떨어지지 않고, 디즈니 팬이라 더욱 만족스럽습니다. 가격대도 적당한 편이라 선물용으로도 추천하고 싶어요."
123,[스내피커들] Never Neverland Pajama Set 1002842,스내피커들,언더웨어,150890,https://foundryiq-image-gallery.azurewebsites.net/images/40A1892196_0_600.jpg,"스내피커들 네버네버랜드 파자마 세트는 디자인부터 소재까지 정말 만족스러워요. 부드러운 면 소재라 피부에 자극 없이 편안했고, 적당히 여유 있는 핏이라 잠잘 때도 불편함이 전혀 없었습니다. 세련된 패턴 덕분에 집에서도 기분 좋게 입을 수 있었고, 세탁 후에도 변형이나 색 바램 없이 오래 입을 수 있을 것 같아요. 가격대가 조금 있지만 그만큼 가치 있는 제품이라 추천합니다."
124,[미꼬] 모르포 다이아몬드 파베M 목걸이,미꼬쥬얼리,보석/장신구,2370000,https://foundryiq-image-gallery.azurewebsites.net/images/40A1900915_0_600.jpg,"미꼬 모르포 다이아몬드 파베M 목걸이는 고급스러운 디자인이 정말 마음에 듭니다. 다이아몬드가 촘촘히 박혀 있어 빛 반사가 예쁘고, 착용했을 때 무겁지 않아 부담 없이 데일리로도 착용 가능해요. 섬세한 마감 덕분에 품질이 뛰어나 만족스럽고, 소중한 기념일 선물로도 손색없을 것 같습니다. 가격대가 있지만 그만큼 가치 있는 제품이라 추천합니다."
125,마이크로킥보드 미니 투고 디럭스 플러스 LED (색상선택),마이크로킥보드,유아동,229000,https://foundryiq-image-gallery.azurewebsites.net/images/60A1902022_0_600.jpg,"아이 4살 생일 선물로 마이크로킥보드 미니 투고 디럭스 플러스를 구매했어요. 가볍고 접히는 디자인 덕분에 외출할 때 휴대하기 편리하고, LED 바퀴 덕분에 어두운 곳에서도 아이가 신나게 탈 수 있어요. 핸들 높이 조절도 쉬워서 아이 키에 딱 맞게 조절해줬고, 안정감도 좋아서 처음 타는 아이가 금방 익숙해졌답니다. 색상도 예뻐서 만족스럽고, 가격 대비 내구성도 훌륭해요. 아이가 너무 좋아해서 강력 추천합니다!"
126,마이크로킥보드_스쿠터 스피드 디럭스 (색상선택),마이크로킥보드,유아동,275000,https://foundryiq-image-gallery.azurewebsites.net/images/60A1902262_0_600.jpg,"아이 4살 생일 선물로 마이크로킥보드 스피드 디럭스 구매했어요. 디자인이 세련되고 색상도 다양해서 아이가 고르는 재미가 있었고, 무엇보다 핸들과 발판이 튼튼해서 안정감이 뛰어나더라고요. 바퀴가 부드럽게 굴러가서 아이가 스스로 밀면서도 자신감 있게 탈 수 있었습니다. 조립도 간단해서 바로 사용할 수 있었고, 접이식이라 보관도 편리해요. 야외 나들이 갈 때마다 챙겨가니 활동량도 늘고 정말 만족스러운 제품이에요."
127,마이크로킥보드_인라인 Inline SHAPER-K(색상선택),마이크로킥보드,유아동,187000,https://foundryiq-image-gallery.azurewebsites.net/images/60A1902299_0_600.jpg,"아이와 함께 공원 산책할 때 사용하려고 마이크로킥보드 인라인 SHAPER-K를 구매했어요. 조립도 간편했고, 안전한 디자인 덕분에 아이가 처음 사용하는데도 금방 적응했어요. 바퀴가 부드럽게 잘 굴러가고 핸들 조절도 쉬워서 키 큰 아이도 편하게 탈 수 있네요. 견고한 재질이라 내구성도 좋고, 색상도 예뻐서 아이가 정말 좋아해요. 가격대가 조금 있지만 만족스러운 선택이었습니다."
128,플러프 펫 프렌들리 캔들 워터리 포레스트 (Fluff),플러프,문화/취미,69000,https://foundryiq-image-gallery.azurewebsites.net/images/40A1906629_0_600.jpg,"플러프 펫 프렌들리 캔들 워터리 포레스트를 구매했는데 향이 정말 부드럽고 자연스러워서 집안 분위기가 한층 편안해졌어요. 특히 반려동물이 있어 향초 사용에 신경 썼는데, 플러프 제품이라 안심하고 켤 수 있었습니다. 불꽃도 안정적이고 연기나 냄새가 자극적이지 않아 만족스러워요. 가격대는 조금 있지만 품질과 안전성을 생각하면 충분히 가치 있다고 느꼈습니다. 다음에도 다른 향도 꼭 써보고 싶어요."
129,[공식] 르 플리아쥬 에너지 탑 핸들백  L1512HSR299,롱샴,패션잡화,440000,https://foundryiq-image-gallery.azurewebsites.net/images/60A1906924_0_600.jpg,"롱샴 르 플리아쥬 에너지 탑 핸들백은 가볍고 튼튼한 나일론 소재라 데일리로 들기 정말 좋아요. 접이식 디자인 덕분에 보관도 편하고, 내부 수납 공간이 생각보다 넉넉해서 소지품 정리하기 편리했어요. 손잡이 부분이 견고해서 들었을 때 안정감도 느껴지고, 심플하면서도 세련된 디자인이라 어떤 옷에도 잘 어울립니다. 가격대가 조금 있지만 내구성과 활용도를 고려하면 충분히 만족스러운 선택이었어요."
130,[나이키] NSW 우븐 여성 MR 쇼츠 NIKE FV7558-010,나이키,스포츠/레져,29500,https://foundryiq-image-gallery.azurewebsites.net/images/40A1917134_0_600.jpg,"나이키 NSW 우븐 여성 MR 쇼츠는 가볍고 통기성이 좋아서 운동할 때 정말 편안했어요. 허리 밴드가 탄탄해서 흘러내리지 않고 잘 잡아줘서 활동하기 좋았습니다. 디자인도 심플하면서 세련돼서 일상복으로도 손색없고, 가격대비 품질이 뛰어나 만족스럽습니다. 여름철 가벼운 외출이나 운동복으로 추천합니다."
131,제리스타일스 파우치 기프트세트 강아지영양제 (6종 택4),제리스타일스,문화/취미,47000,https://foundryiq-image-gallery.azurewebsites.net/images/40A1924022_0_600.jpg,"제리스타일스 파우치 기프트세트는 강아지 영양제를 다양하게 한 번에 경험할 수 있어서 정말 만족스러웠어요. 6종 중 4가지를 선택할 수 있어 우리 강아지 상태에 맞춰 골라줬는데, 알약이 아니라 파우치 형태라 급여하기 편하고 맛도 좋아해서 잘 먹더라고요. 꾸준히 주니 털이 부드러워지고 활력도 좋아진 것 같아 앞으로도 계속 구매할 예정입니다. 포장도 깔끔해서 선물용으로도 추천해요."
132,제리스타일스 3구 기프트세트 강아지영양제 (6종 택3),제리스타일스,문화/취미,67000,https://foundryiq-image-gallery.azurewebsites.net/images/40A1924086_0_600.jpg,"우리 강아지 면역력 강화와 피부 건강을 위해 제리스타일스 3구 기프트세트를 구매했어요. 6종 중에서 면역, 피부, 관절 영양제를 선택했는데 하루 한 알씩 주기 편하고 반응도 좋아요. 알약 크기가 작아 삼키기 쉽고, 성분도 믿을 만해 안심돼요. 꾸준히 먹이니 털이 윤기 나고 활력도 생긴 것 같아 만족스럽습니다. 선물용으로도 손색없을 깔끔한 포장도 마음에 들었어요."
133,[무케] 잇텔로_사보라 2세트(머그+플레이트) (6color) 홈카페 집들이선물 인테리어 도자기컵,무케렌시아,주방,90250,https://foundryiq-image-gallery.azurewebsites.net/images/60A1934436_0_600.jpg,"무케 잇텔로 사보라 2세트는 집들이 선물로도 딱 좋은 제품이에요. 도자기 특유의 부드러운 질감과 은은한 6가지 컬러 덕분에 홈카페 분위기가 확 살아나더라고요. 머그와 플레이트 크기도 적당해서 아침 커피와 간단한 디저트 올리기에 딱이에요. 세트 구성이라 활용도가 높고, 세척도 편해서 매일 손이 가는 아이템입니다. 가격대가 조금 있지만 만족스러운 투자였어요."
134,[펜할리곤스] 루나 EDT 30ML (+10ML 핸드크림 +1.5ML 샘플 증정),명품화장품 펜할리곤스,이미용,154000,https://foundryiq-image-gallery.azurewebsites.net/images/40A1938602_0_600.jpg,"펜할리곤스 루나 EDT는 처음 사용했을 때 은은한 플로럴 향이 정말 매력적이었어요. 지속력도 생각보다 좋아서 하루 종일 기분 좋게 사용할 수 있었습니다. 30ml 용량이 휴대하기 딱 좋고, 함께 받은 핸드크림은 향이 은은하게 남아 손도 부드러워져서 만족스러웠습니다. 고급스러운 패키지와 세심한 샘플 증정까지 고객 배려가 느껴져 다음에도 재구매 의사 있습니다."
135,[펜할리곤스] 로드조지 EDP 75ML,명품화장품 펜할리곤스,이미용,448000,https://foundryiq-image-gallery.azurewebsites.net/images/40A1938806_0_600.jpg,"펜할리곤스 로드조지 EDP는 첫 향부터 우아하고 고급스러운 느낌이 강해 만족스러웠습니다. 시트러스와 허브 향이 조화롭게 어우러져 있어 데일리뿐 아니라 특별한 자리에서도 잘 어울립니다. 지속력도 꽤 좋아 하루 종일 은은하게 남아 부담 없이 사용할 수 있었고, 75ml 용량도 적당해 가방에 넣고 다니기 좋아요. 가격대는 꽤 있긴 하지만 품질 만큼은 확실히 만족스러워 추천드립니다."
136,[바이레도] 라 튤립 오 드 퍼퓸 100ml,Byredo,이미용,390000,https://foundryiq-image-gallery.azurewebsites.net/images/40A1939394_0_600.jpg,"바이레도 라 튤립 오 드 퍼퓸은 처음 뿌렸을 때 상큼하면서도 우아한 플로럴 향이 은은하게 퍼져 기분이 좋아집니다. 지속력도 꽤 좋아서 하루 종일 향이 남아 있었고, 과하지 않으면서 세련된 느낌이라 데일리로 쓰기 딱입니다. 패키지도 심플하면서 고급스러워 선물용으로도 추천하고 싶어요. 가격대가 있지만 그만큼 만족스러운 향이라 투자할 가치가 있다고 생각합니다."
137,컨버스 척테일러 1970s 클래식 162058C,컨버스,스포츠/레져,64600,https://foundryiq-image-gallery.azurewebsites.net/images/60A1939506_0_600.jpg,컨버스 척테일러 1970s 클래식 162058C는 빈티지한 디자인이 정말 멋스러워서 평소 캐주얼 룩에 잘 어울립니다. 신발이 가볍고 발에 잘 맞아 오래 걸어도 편안했어요. 특히 오래된 느낌의 컬러와 소재가 고급스러워 보여서 만족스럽습니다. 가격 대비 퀄리티도 좋아 데일리 슈즈로 추천합니다.
138,[바이레도] 블랑쉬 바디로션 225ml (+향수 2ml & 바디 10ml 증정),Byredo,이미용,95000,https://foundryiq-image-gallery.azurewebsites.net/images/40A1939774_0_600.jpg,"바이레도 블랑쉬 바디로션은 처음 발랐을 때 촉촉하면서도 가벼운 질감이 인상적이에요. 피부에 빠르게 흡수되어 끈적임 없이 산뜻하게 마무리돼요. 은은한 플로럴 향이 하루 종일 은근하게 남아 기분 좋고, 증정된 향수와 바디 미니 사이즈도 여행용으로 딱 좋았습니다. 가격대가 좀 있지만 고급스러운 향과 보습력 때문에 만족스러운 선택이었어요."
139,로이코 혼자있는 강아지 고양이 분리불안 예방 자동 노즈워크 장난감 트릿토이 베이직세트,로이코,문화/취미,89000,https://foundryiq-image-gallery.azurewebsites.net/images/40A1951496_0_600.jpg,혼자 있는 시간이 많은 우리 강아지 분리불안 완화에 도움될까 싶어 로이코 노즈워크 장난감을 구매했어요. 트릿을 숨겨두고 찾는 과정에서 집중력이 높아지고 스트레스가 줄어드는 것 같아 만족합니다. 재질도 튼튼하고 세트 구성도 알차서 가성비 좋네요. 혼자 놀 때 심심해하지 않고 활발해져서 구매하길 잘했다는 생각이 듭니다.
140,[리틀아카이브][크레므앙팡] 시아망 모달 목화 워싱 낮잠이불세트(J)+베개솜,리틀아카이브,유아동,239000,https://foundryiq-image-gallery.azurewebsites.net/images/60A1952649_0_600.jpg,"리틀아카이브 시아망 모달 목화 낮잠이불세트는 아이 피부에 정말 부드럽고 촉감이 좋아서 만족스러워요. 모달 소재라 그런지 통기성이 뛰어나 무더운 날에도 쾌적하게 잘 사용하고 있습니다. 세트 구성도 알차서 베개솜까지 포함되어 편리했고, 목화 워싱 처리 덕분에 세탁 후에도 변형 없이 오래 쓸 수 있을 것 같아요. 디자인도 깔끔하고 어린이방에 잘 어울려서 재구매 의사 있습니다."
141,모던비스트 레드 홀리데이 장난감 세트 키티 MDB015RD,모던비스트,문화/취미,70000,https://foundryiq-image-gallery.azurewebsites.net/images/40A1953232_0_600.jpg,모던비스트 레드 홀리데이 장난감 세트 키티 MDB015RD를 구매했습니다. 모던비스트 제품답게 품질이 좋고 만족스럽습니다. 문화/취미 제품으로 추천합니다.
142,[프레드릭콘스탄트] FC-235S2C6 클래식 까레 스몰세컨즈,프레드릭 콘스탄트(백화점),패션잡화,1410000,https://foundryiq-image-gallery.azurewebsites.net/images/60A1971845_0_600.jpg,프레드릭 콘스탄트 클래식 까레 스몰세컨즈 구매 후 만족도가 높습니다. 스퀘어 케이스 디자인이 세련되면서도 고급스러워 데일리 룩에 잘 어울립니다. 무브먼트가 정확하고 스몰세컨즈 기능 덕분에 시간을 한눈에 확인하기 편리해요. 가죽 스트랩도 부드럽고 착용감이 좋아 오랜 시간 착용해도 부담 없습니다. 140만원대 가격대치고 가성비도 괜찮은 편이라 특별한 선물용이나 기념일 시계로 추천합니다.
143,론진 심포네트 MOP 베젤 다이아 18.9x29.4MM L2.305.0.83.6,론진,패션잡화,6100000,https://foundryiq-image-gallery.azurewebsites.net/images/40A1992219_0_600.jpg,"론진 심포네트 MOP 베젤 다이아 시계를 구매한 지 한 달 정도 지났는데, 고급스러운 디자인과 섬세한 마더오브펄 다이얼이 정말 매력적입니다. 손목에 착 감기는 18.9x29.4MM 사이즈가 부담 없고, 다이아몬드가 은은하게 빛나 일상은 물론 특별한 자리에도 잘 어울려요. 무게감도 적당해 장시간 착용해도 편안하고, 론진 브랜드 신뢰성 덕분에 만족스러운 선택이었습니다. 가격대가 있지만 그만큼 가치가 충분하다고 느껴집니다."
144,사브르 비스트로 샤이니 디저트 선물세트,사브르,주방,41800,https://foundryiq-image-gallery.azurewebsites.net/images/60A1995267_0_600.jpg,"사브르 비스트로 샤이니 디저트 선물세트를 부모님 생신 선물로 구매했는데 포장부터 고급스러워서 만족스러웠어요. 각 디저트가 하나하나 정성스럽게 만들어져 있어서 맛도 다양하고 풍부했습니다. 특히 초콜릿과 과일 조합이 입맛을 돋우어 특별한 날에 딱 어울리는 제품이었어요. 가격대비 품질도 훌륭하고, 집들이나 감사 선물로도 추천하고 싶네요."
145,사브르 비스트로 샤이니 샐러드 선물세트,사브르,주방,47120,https://foundryiq-image-gallery.azurewebsites.net/images/60A1995268_0_600.jpg,"사브르 비스트로 샤이니 샐러드 선물세트는 신선한 재료와 고급스러운 포장 덕분에 선물용으로 딱 좋았어요. 샐러드 채소가 아삭아삭하고 드레싱도 적당히 상큼해서 식사할 때 부담 없이 즐길 수 있었습니다. 구성품이 다양해서 여러 가지 맛을 경험할 수 있었고, 가격 대비 만족도가 높아서 재구매 의사도 있어요. 깔끔한 디자인 덕분에 주방에 두어도 잘 어울리고, 건강한 식습관을 실천하는 데 도움이 되었네요."
146,사브르 비스트로 커트러리 파스텔 빈티지 디너 선물세트,사브르,주방,50160,https://foundryiq-image-gallery.azurewebsites.net/images/60A1995971_0_600.jpg,"사브르 비스트로 커트러리 파스텔 빈티지 디너 선물세트를 구매했는데 디자인이 정말 예뻐서 식탁 분위기가 한층 살았어요. 손에 쥐었을 때 무게감도 적당하고, 스테인리스 재질이라 반짝임이 오래 유지돼 만족스럽습니다. 파스텔 톤 색감이 부드러워서 일상용으로도 손색없고, 선물용으로도 추천할 만한 제품이에요. 가격대비 품질이 좋아 자주 사용하게 될 것 같아요."
147,사브르 비스트로 커트러리 빈티지 디너 선물세트,사브르,주방,50160,https://foundryiq-image-gallery.azurewebsites.net/images/60A1995979_0_600.jpg,"사브르 비스트로 커트러리 빈티지 디너 선물세트를 구매했는데 디자인이 정말 고급스럽고 빈티지한 느낌이 마음에 들어요. 손에 쥐었을 때 무게감도 적당해서 사용하기 편하고, 포크와 나이프 날이 날카로워서 음식 자르기가 수월했습니다. 세트 구성이 알차서 손님 초대할 때도 좋고, 무엇보다 선물용으로 받으면 누구나 좋아할 것 같아요. 가격 대비 품질 만족스럽고 주방 분위기가 한층 세련돼 보여서 추천합니다."
148,[오르카홈] 고양이 해먹 방석 (극세사) 7color ,오르카홈,문화/취미,69000,https://foundryiq-image-gallery.azurewebsites.net/images/40A1996692_0_600.jpg,"고양이 해먹 방석을 구매했는데 극세사 소재라서 부드럽고 포근한 느낌이 정말 좋아요. 우리 아이가 처음에는 조금 낯설어했지만 금방 적응해서 하루 종일 해먹 위에서 쉬는 모습을 보니 구매하길 잘했다는 생각이 듭니다. 7가지 색상 중에서 집 인테리어와 어울리는 색을 골라서 만족스럽고, 설치도 간편해서 편리합니다. 고양이 전용 방석으로 추천하고 싶어요."
149,[불리][각인서비스/벨벳파우치] 봄 데 뮤제 인그레이빙 립 밤 7g (이브와),불리,이미용,69000,https://foundryiq-image-gallery.azurewebsites.net/images/40A1997636_0_600.jpg,"불리 봄 데 뮤제 립 밤은 고급스러운 벨벳파우치와 각인서비스 덕분에 선물용으로도 참 좋았습니다. 립 밤 질감이 부드럽고 촉촉해서 입술이 금방 건조해지는 제게 딱 맞았어요. 자연스러운 광택과 은은한 향도 부담 없이 매일 사용하기 좋고, 가격대는 있지만 만족감이 커서 만족합니다."
150,[디즈니 스토어 공식 상품] 픽사 토이스토리 버즈 라이트이어 베이비 코스튬 (104Q419D133),디즈니,유아동,41400,https://foundryiq-image-gallery.azurewebsites.net/images/40A1998647_0_600.jpg,"아이 생일 파티 때 입히려고 구매했는데 디자인이 정말 귀엽고 퀄리티가 좋아서 만족스러웠어요. 부드러운 재질이라 아이가 피부가 예민한데도 문제없이 편안해했고, 착용도 간편해서 도움 없이도 잘 입었답니다. 사이즈도 딱 맞고 활동하기에 불편함 없었어요. 디즈니 공식 제품이라 그런지 디테일이 살아있어 사진 찍을 때 더 예쁘게 나왔네요. 아이가 매우 좋아해서 다음 행사 때도 다시 구매할 생각입니다."
151,[헤지스핸드백] HISC5E311 Toile de Jouy 네이비 쁘띠 실크 스카프,헤지스핸드백,패션잡화,43680,https://foundryiq-image-gallery.azurewebsites.net/images/40A2009956_0_600.jpg,"헤지스핸드백의 네이비 쁘띠 실크 스카프는 고급스러운 패턴과 부드러운 감촉이 정말 마음에 듭니다. 적당한 크기로 다양한 스타일링에 활용하기 좋고, 특히 가방 손잡이에 매니쉬하게 연출하니 포인트가 딱 됩니다. 네이비 컬러가 세련돼서 어떤 옷에도 잘 어울리고, 실크라서 피부에 닿는 느낌도 편안해 자주 손이 가는 아이템이에요. 가격 대비 퀄리티 만족스럽고 선물용으로도 추천하고 싶습니다."
152,[이에르로르] 에센스 14K(W) 랩다이아 플라워 목걸이 M HL4N51426W4420,이에르로르,보석/장신구,756000,https://foundryiq-image-gallery.azurewebsites.net/images/60A2014155_0_600.jpg,"14K 화이트 골드에 랩다이아몬드가 섬세하게 세팅된 플라워 디자인이 정말 고급스러워요. 착용감도 가벼워 데일리로 부담 없이 착용하고 있는데, 은은한 반짝임 덕분에 어떤 옷에도 잘 어울립니다. 선물용으로도 추천하고 싶을 만큼 만족스럽고, 제품 마감 상태도 훌륭합니다. 가격 대비 품질이 뛰어나서 소장 가치가 충분해요."
153,[이에르로르] 에센스 실버(W) 4프롱 테니스 팔찌 3mm HL4B5B400W9,이에르로르,보석/장신구,126000,https://foundryiq-image-gallery.azurewebsites.net/images/60A2014237_0_600.jpg,"평소 심플한 액세서리를 좋아해서 이에르로르 실버 테니스 팔찌를 구매했어요. 3mm 두께라 너무 얇지도 두껍지도 않아 데일리로 착용하기 딱 좋고, 4프롱 세팅 덕분에 반짝임이 은은하면서도 고급스러워 보여요. 은 제품이라 알러지도 없고 가볍게 착용할 수 있어 만족스럽습니다. 디자인이 깔끔해서 어떤 옷에도 잘 어울리고, 가격대비 퀄리티가 좋아서 후회 없는 선택이었어요."
154,[로우백] 홈웨어 데일리 복서 쇼츠 (라일락 핑크) HOME WEAR BOXERS SHORT (LILAC PINK),로우백,언더웨어,37110,https://foundryiq-image-gallery.azurewebsites.net/images/40A2014268_0_600.jpg,"로우백 홈웨어 데일리 복서 쇼츠 라일락 핑크 색상이 생각보다 훨씬 예쁘고 부드러운 소재라서 착용감이 너무 좋았어요. 신축성이 좋아서 활동할 때 불편함 없이 편안하고, 허리 밴드도 꽉 조이지 않아 하루 종일 입어도 답답하지 않았습니다. 데일리로 입기 딱 좋은 두께감과 디자인이라 여름철 집에서 입기 정말 만족스러워요. 가격대비 퀄리티가 좋아서 재구매 의사 있습니다."
155,RRL 레더 트림 트윌 토트(MARRBGS0G620035301),더블알엘(백화점),패션잡화,459000,https://foundryiq-image-gallery.azurewebsites.net/images/60A2023773_0_600.jpg,"더블알엘의 RRL 레더 트림 트윌 토트는 튼튼한 트윌 소재와 고급스러운 가죽 트림이 잘 어우러져 있어 데일리로 사용하기 좋습니다. 수납 공간이 넉넉해 지갑, 휴대폰, 작은 노트북까지 여유 있게 들어가고 가방 무게도 가벼워서 장시간 들어도 부담이 없었어요. 디자인은 심플하면서도 클래식한 느낌이라 어떤 옷차림에도 매치하기 편리합니다. 가격대비 소재와 마감 상태 모두 만족스러워서 오랫동안 잘 쓸 수 있을 것 같아요."
156,[선쿠션증정][보보쇼즈 X 노베즈 콜라보] For all senses 포 올 센스 (로션+올인원워시+페이스크림),노베즈,유아동,99000,https://foundryiq-image-gallery.azurewebsites.net/images/40A2031205_0_600.jpg,아이 피부가 예민해서 보통 제품은 잘 못 쓰는데 노베즈 콜라보 제품은 순하고 자극 없어 안심하고 사용하고 있어요. 로션은 촉촉하면서도 끈적임 없이 산뜻하고 올인원 워시는 거품이 부드러워 아이 목욕 시간마다 거부감 없이 잘 사용해요. 페이스크림도 적당한 보습감으로 하루종일 피부가 편안해 보입니다. 선쿠션 증정 이벤트 덕분에 더 실속 있게 구매했네요. 전체적으로 아이 피부를 세심하게 케어해주는 느낌이라 만족도가 높습니다.
157,[선쿠션증정][보보쇼즈 X 노베즈 콜라보] Fun care essentials 펀케어 에센셜 (로션+올인원워시+샴푸),노베즈,유아동,99000,https://foundryiq-image-gallery.azurewebsites.net/images/40A2031210_0_600.jpg,"아이 피부가 예민해서 순한 제품을 찾던 중 노베즈 펀케어 에센셜 세트를 구매했어요. 로션, 올인원워시, 샴푸 모두 자극 없이 부드럽게 피부와 두피를 케어해주고, 촉촉함이 오래 유지돼 만족스럽습니다. 특히 올인원워시가 세정력도 좋으면서 거품이 풍성해 목욕 시간이 더 즐거워졌어요. 선쿠션 증정 이벤트도 덤이라 실용적이고 가성비 좋은 세트라 추천합니다."
158,폴로 랄프 로렌 여성 폴로 ID 카프스킨 미디 숄더백(WAPOBAG02V20148200),폴로 랄프 로렌 여성,패션잡화,699000,https://foundryiq-image-gallery.azurewebsites.net/images/60A2032694_0_600.jpg,"폴로 랄프 로렌 여성 폴로 ID 카프스킨 미디 숄더백을 구매한 지 한 달 정도 되었는데, 가죽 질감이 정말 부드럽고 고급스러워서 만족스럽습니다. 미디 사이즈라 데일리로 들기에 딱 좋고, 내부 수납공간도 적당해 지갑, 핸드폰, 립스틱 등 필수품을 잘 정리할 수 있어 편리합니다. 심플하면서도 세련된 디자인 덕분에 어떤 옷에도 잘 어울리고, 어깨에 걸쳤을 때 부담스럽지 않은 무게감도 장점입니다. 가격대는 조금 있지만 오랫동안 쓸 수 있을 것 같아 만족합니다."
159,[헤지스핸드백] HISC5E342 베이지 프린트 실크 스카프,헤지스핸드백,패션잡화,60480,https://foundryiq-image-gallery.azurewebsites.net/images/40A2033147_0_600.jpg,"헤지스핸드백의 베이지 프린트 실크 스카프는 고급스러운 소재감이 정말 마음에 들었어요. 실크 특유의 부드러움과 은은한 베이지톤 프린트가 어떤 옷에도 잘 어울려서 데일리로 활용하기 좋습니다. 적당한 크기라 목에 감거나 가방에 매치해도 예쁘고, 봄부터 가을까지 활용도가 높아 만족스럽습니다. 가격 대비 퀄리티가 뛰어나서 선물용으로도 추천하고 싶어요."
160,랄프 로렌 베이비 남아 크랩 프린트 코튼 쓰리피스 기프트 세트(CWPO2STI0520091650),랄프 로렌 베이비,유아동,118300,https://foundryiq-image-gallery.azurewebsites.net/images/60A2035309_0_600.jpg,"랄프 로렌 베이비 크랩 프린트 쓰리피스 세트는 디자인이 정말 귀여워서 첫 외출용으로 딱이에요. 부드러운 코튼 소재라 아기 피부에 자극 없이 편안해 보였고, 세 가지 구성이라 활용도도 높았습니다. 특히 크랩 프린트가 포인트라 사진 찍을 때마다 주변에서 예쁘다는 칭찬을 많이 받았어요. 가격대가 조금 있지만 선물용으로도 만족스러운 제품입니다."
161,[로얄코펜하겐] 블루 풀 레이스 밥그릇 국그릇 2인조 스타터 세트,로얄코펜하겐,주방,1112000,https://foundryiq-image-gallery.azurewebsites.net/images/60A2035442_0_600.jpg,"로얄코펜하겐 블루 풀 레이스 밥그릇과 국그릇 세트는 디자인이 정말 고급스럽고 섬세한 레이스 패턴이 식탁을 한층 우아하게 만들어줍니다. 두껍고 견고한 도자기 재질 덕분에 사용감도 좋고 세척도 편리해 매일 사용하는 데 부담이 없습니다. 2인분 사이즈가 적당해 가정용으로 딱 좋고, 특별한 날이나 손님 접대용으로도 손색없어 만족스럽습니다. 가격대는 있지만 그만큼 가치가 충분한 제품입니다."
162,[로얄코펜하겐] 블루 풀 레이스 찬기 2인조 스타터 세트,로얄코펜하겐,주방,1848000,https://foundryiq-image-gallery.azurewebsites.net/images/60A2035444_0_600.jpg,"로얄코펜하겐 블루 풀 레이스 찬기 2인조 스타터 세트를 결혼 기념일 선물로 구매했어요. 고급스러운 블루 레이스 패턴이 식탁 위를 한층 우아하게 만들어주고, 찬기의 얇고 섬세한 디자인 덕분에 손에 착 감기는 느낌이 좋아요. 크기도 적당해서 다양한 반찬을 담기 좋고, 세트 구성도 실용적이라 자주 사용하고 있습니다. 무엇보다 세련된 덴마크 감성이 잘 느껴져서 만족도가 높아요. 가격대가 있지만 특별한 날이나 선물용으로는 정말 추천할 만한 제품입니다."
163,피너츠 스누피 하우스 강아지 노즈워크 장난감 세트 (노즈워크+바스락+삑삑이+방울),패리스독피너츠,문화/취미,24900,https://foundryiq-image-gallery.azurewebsites.net/images/40A2035867_0_600.jpg,"피너츠 스누피 하우스 강아지 노즈워크 장난감 세트는 우리 강아지가 정말 좋아하는 제품입니다. 노즈워크 기능 덕분에 냄새를 찾아내는 재미가 있어 지루하지 않게 놀 수 있고, 바스락 소리와 삑삑이, 방울 소리가 다양하게 나서 강아지의 흥미를 계속 자극해줍니다. 소재도 안전하고 튼튼해서 오래 사용할 수 있을 것 같아요. 가격대비 만족도가 높아 강아지 장난감으로 강력 추천합니다!"
164,[아디다스코리아공식] JC8149 4.0 3-스트라이프 루즈 크롭 티셔츠 3S LOOSE CROP T 반팔티,아디다스,스포츠/레져,24500,https://foundryiq-image-gallery.azurewebsites.net/images/40A2039093_0_600.jpg,"아디다스 3-스트라이프 루즈 크롭 티셔츠는 디자인이 정말 멋스럽고 편안해서 만족스러웠습니다. 루즈핏이라 활동할 때 답답하지 않고, 크롭 기장 덕분에 하이웨스트 바지와 잘 어울려 스타일리시해 보여요. 소재도 부드럽고 땀 흡수력이 좋아서 운동할 때 입기 딱 좋았습니다. 가격도 부담 없고 아디다스 공식 제품이라 믿음이 가네요. 평소 캐주얼룩이나 가벼운 운동복으로 추천합니다."
165,[리틀아카이브][크레므앙팡] 윙클 3M 면모달 낮잠이불세트(J)+베개솜,리틀아카이브,유아동,179000,https://foundryiq-image-gallery.azurewebsites.net/images/60A2040867_0_600.jpg,"리틀아카이브 크레므앙팡 윙클 3M 면모달 낮잠이불세트를 아이 낮잠용으로 구매했는데, 소재가 정말 부드럽고 피부에 자극이 없어 만족스러워요. 3M 솜이 들어가서 그런지 적당히 폭신하면서도 무겁지 않아 아이가 편안하게 자는 모습을 볼 수 있었습니다. 세트 구성에 베개솜도 포함되어 있어 따로 구매할 필요 없고, 세탁 후에도 변형 없이 잘 유지돼 실용적이에요. 디자인도 깔끔하고 은은한 색감이라 인테리어와도 잘 어울립니다. 가격대가 조금 있지만 품질을 생각하면 충분히 만족스럽습니다."
166,[로얄코펜하겐] 코랄 하프 레이스 찬기 2인조 스타터 세트,로얄코펜하겐,주방,464800,https://foundryiq-image-gallery.azurewebsites.net/images/60A2042032_0_600.jpg,"로얄코펜하겐 코랄 하프 레이스 찬기 2인조 스타터 세트는 첫인상부터 우아함이 돋보였어요. 섬세한 레이스 패턴이 식탁을 한층 고급스럽게 만들어 주고, 찬기의 크기와 깊이가 적당해 다양한 반찬을 담기에 편리했습니다. 고급 도자기라 그런지 무게감이 있어 안정적이고 내구성도 기대 이상이에요. 평소 특별한 날 손님 접대할 때 사용하기 딱 좋고, 식기세척기에도 무리 없이 사용할 수 있어 관리도 편리합니다. 가격대가 있지만 만족스러운 투자였네요."
167,[로얄코펜하겐] 블루 플레인 찬기 2인조 스타터 세트 ver.2,로얄코펜하겐,주방,373600,https://foundryiq-image-gallery.azurewebsites.net/images/60A2042033_0_600.jpg,"로얄코펜하겐 블루 플레인 찬기 2인조 스타터 세트는 고급스러운 디자인과 견고한 품질이 인상적입니다. 은은한 블루 라인이 식탁 분위기를 한층 세련되게 만들어 주고, 적당한 크기로 찬기 용도로 딱 좋아 활용도가 높아요. 세척도 편리하고 내구성도 뛰어나 오랜 시간 사용할 수 있을 것 같아 만족스럽습니다. 특별한 날이나 일상 모두에 잘 어울려 추천합니다."
168,설화수[8월]에센셜 데일리 세트 (자음2종),설화수,이미용,150000,https://foundryiq-image-gallery.azurewebsites.net/images/40A2043248_0_600.jpg,"설화수 에센셜 데일리 세트 자음2종을 8월에 구매해서 한 달간 사용해봤어요. 가볍지만 깊은 보습감이 느껴져서 여름철에도 끈적임 없이 산뜻하게 사용할 수 있었어요. 특히 자음수와 자음유액 조합이 피부를 촉촉하고 탄탄하게 잡아줘서 아침저녁으로 꾸준히 사용하니 피부결이 한층 부드러워진 게 느껴졌습니다. 고급스러운 향도 기분 전환에 좋고, 용기도 세련돼서 욕실 분위기가 한층 업그레이드됐어요. 가격대는 조금 있지만 그만큼 만족스러운 제품이라 추천합니다."
169,[Alessi] 알레시 안나G 와인오프너 핑크 / AM01 P,알레시,주방,108240,https://foundryiq-image-gallery.azurewebsites.net/images/60A2044874_0_600.jpg,"알레시 안나G 와인오프너 핑크는 디자인이 정말 예뻐서 주방에 두기만 해도 분위기가 살아요. 손에 잡히는 감촉도 부드럽고, 와인 병 마개 뺄 때 힘들이지 않고 부드럽게 열려서 편리했습니다. 특히 핑크 색상이 독특하고 고급스러워 선물용으로도 좋을 것 같아요. 가격대가 조금 있지만 내구성도 좋아 오래 쓸 수 있을 것 같아 만족스럽습니다."
170,[메이크업포에버][스벅 1잔] HD SKIN 퍼펙팅 프레스드 파우더 10g (+추가 2종),메이크업포에버,이미용,62000,https://foundryiq-image-gallery.azurewebsites.net/images/60A2044908_0_600.jpg,메이크업포에버 HD 스킨 프레스드 파우더는 피부 표현이 정말 자연스러워서 데일리 메이크업에 딱이에요. 유분기를 잘 잡아주면서도 건조하지 않고 가볍게 발려서 답답함이 전혀 없네요. 특히 미세한 입자가 모공이나 잔주름에 끼지 않고 매끈하게 마무리돼서 사진 찍을 때도 피부가 한층 깨끗해 보여 만족스러웠습니다. 추가로 받은 2종 샘플도 활용도가 높아 가성비도 좋았어요.
171,[Alessi]알레시 쥬시 살리프 시트러스 스퀴저_실버/Juicy Salif/ PSJS,알레시,주방,164560,https://foundryiq-image-gallery.azurewebsites.net/images/60A2045029_0_600.jpg,"알레시 쥬시 살리프 시트러스 스퀴저는 디자인이 정말 독특하고 세련되어 주방에 두기만 해도 인테리어 효과가 뛰어납니다. 스테인리스 소재라서 내구성도 좋고, 레몬이나 라임을 짜면 과즙이 잘 나오면서 깔끔하게 모여서 사용하기 편리해요. 청소도 간단해서 손이 잘 가는 제품입니다. 가격대가 조금 있긴 하지만 디자인과 기능 모두 만족스러워 소장 가치가 충분한 주방 아이템입니다."
172,[헬렌카민스키] 미타 MITA,헬렌카민스키,패션잡화,240000,https://foundryiq-image-gallery.azurewebsites.net/images/60A2048942_0_600.jpg,"헬렌카민스키 미타 모자는 고급스러운 소재감이 느껴져 착용하는 순간부터 기분이 좋아졌어요. 통기성이 좋아 더운 날씨에도 쾌적하게 쓸 수 있었고, 적당한 챙 길이 덕분에 햇빛 차단 효과도 뛰어납니다. 디자인이 심플하면서도 세련돼서 캐주얼부터 포멀한 스타일까지 모두 잘 어울려 자주 손이 가는 아이템이에요. 가격대가 조금 있지만 내구성도 좋아서 만족스럽습니다."
173,[헬렌카민스키] 커스틴 KIRSTEN,헬렌카민스키,패션잡화,240000,https://foundryiq-image-gallery.azurewebsites.net/images/60A2048969_0_600.jpg,"헬렌카민스키 커스틴 모자는 고급스러운 라탄 소재가 정말 마음에 들었어요. 가볍고 통기성이 좋아 여름 내내 편하게 썼고, 챙 부분이 넓어 햇볕을 잘 가려줘서 야외 활동할 때 유용했습니다. 디자인도 심플하면서 세련돼서 어떤 옷과도 잘 어울리네요. 가격대가 조금 있지만 내구성도 좋아서 투자할 가치가 있다고 생각합니다."
174,[로얄코펜하겐] 코랄 하프 레이스 한식기 스타터 세트,로얄코펜하겐,주방,1414000,https://foundryiq-image-gallery.azurewebsites.net/images/60A2049039_0_600.jpg,"로얄코펜하겐 코랄 하프 레이스 한식기 스타터 세트는 디자인이 정말 고급스럽고 섬세해서 식탁 분위기를 한층 업그레이드해줍니다. 한식기라 다양한 반찬을 담기에 적당한 크기와 깊이도 만족스러웠고, 내구성도 뛰어나 오랜 사용에도 변형 걱정이 없을 것 같아요. 세련된 패턴 덕분에 특별한 날은 물론 일상 식사에도 잘 어울려 자주 손이 갑니다. 가격대가 좀 있지만 그만큼 가치 있는 투자라고 생각합니다."
175,[로얄코펜하겐] 코랄 하프 레이스 밥그릇 국그릇 2인조 스타터 세트,로얄코펜하겐,주방,949200,https://foundryiq-image-gallery.azurewebsites.net/images/60A2049040_0_600.jpg,"로얄코펜하겐 코랄 하프 레이스 밥그릇 세트는 고급스러운 디자인이 정말 매력적입니다. 섬세한 레이스 패턴이 식탁 위에 우아함을 더해주고, 크기도 적당해 일상에서 사용하기 편리해요. 무게감도 적당해 손에 쥐기 좋고, 도자기의 광택이 오래 유지되어 만족스럽습니다. 가격대가 높은 편이지만 특별한 날이나 선물용으로는 정말 만족스러운 선택이었습니다."
176,[Alessi]알레시 마이클그래이브 버드휘슬 주전자 화이트 / 9093 W,알레시,주방,305360,https://foundryiq-image-gallery.azurewebsites.net/images/60A2050499_0_600.jpg,"알레시 마이클그래이브 버드휘슬 주전자는 디자인부터 정말 감탄이 나왔어요. 화이트 색상이 주방과 잘 어울리면서도 깔끔한 느낌을 줍니다. 주전자의 손잡이가 편안하고 물 끓는 소리 대신 새소리 휘슬이 나서 아이들도 신기해하더라고요. 용량도 적당해 가족용으로 사용하기 좋고, 스테인리스 재질이라 관리도 쉬워 만족스럽습니다. 가격대가 조금 있지만 명품 디자인과 기능을 생각하면 충분히 가치 있는 제품이에요."
177,[헤지스핸드백] HJSS5E017 남성 화이트 배색 아가일 체크 장목 양말 3종 세트,헤지스핸드백,패션잡화,16240,https://foundryiq-image-gallery.azurewebsites.net/images/40A2063427_0_600.jpg,"헤지스핸드백의 남성 아가일 체크 장목 양말 3종 세트를 구매했는데 디자인이 세련되고 깔끔해서 마음에 들었어요. 흰색 배색이 포인트가 되어 어떤 옷에도 잘 어울리더군요. 장목이라 겨울철에도 발목을 따뜻하게 감싸주어 실용적이고, 소재도 부드러워 착용감이 좋았습니다. 3종 세트라 다양한 스타일에 맞춰 신기 좋아서 가성비도 만족스러웠습니다. 평소 양말에 신경 쓰는 분들께 추천하고 싶어요."
178,[레고공식] 클래식 10698 라지 조립 박스,레고스토어,유아동,57160,https://foundryiq-image-gallery.azurewebsites.net/images/60A2068166_0_600.jpg,"레고 클래식 10698 라지 조립 박스는 아이가 상상력을 키우기에 정말 좋은 세트예요. 다양한 색상과 부품이 풍부해서 매번 새로운 작품을 만들며 지루할 틈이 없더라고요. 부품들이 튼튼하고 조립도 쉽게 되어 아이 혼자서도 잘 즐깁니다. 특히 큰 박스에 정리도 편해서 보관하기 좋고, 창의력 발달에 도움을 주는 점이 만족스러웠어요. 가격 대비 구성도 훌륭해 추천합니다."
179,[레고공식] 듀플로 10444 창의적인 정원과 꽃들,레고스토어,유아동,26700,https://foundryiq-image-gallery.azurewebsites.net/images/60A2070109_0_600.jpg,"아이와 함께 놀기 좋은 듀플로 세트입니다. 크고 부드러운 블록이라 아이가 쉽게 조립할 수 있었고, 다양한 꽃과 나무 조각 덕분에 창의력을 발휘하며 정원을 꾸미는 놀이가 재미있었어요. 색감도 밝고 예뻐서 아이가 눈을 떼지 못하네요. 가격대도 적당해서 선물용으로도 추천합니다."
180,폴로 랄프 로렌 여성 클래식핏 리넨 셔츠(WMPOSHTNDO20768100),폴로 랄프 로렌 여성,패션의류,259000,https://foundryiq-image-gallery.azurewebsites.net/images/60A2071789_0_600.jpg,폴로 랄프 로렌 여성 클래식핏 리넨 셔츠는 기대 이상으로 만족스러웠어요. 리넨 소재라서 여름에도 시원하고 피부에 닿는 느낌이 부드러워 자주 손이 가네요. 클래식핏이라 너무 타이트하지 않고 적당히 여유 있어 편안하게 입을 수 있었습니다. 디자인도 깔끔하고 폴로 브랜드 특유의 고급스러움이 느껴져서 데일리룩뿐 아니라 출근룩으로도 활용하기 좋아요. 가격대가 조금 있지만 품질 대비 충분히 만족스러운 제품입니다.
181,[공식] 미도 멀티포트8 투-크라운즈 M0475071105100,미도시계(백화점),패션잡화,1710000,https://foundryiq-image-gallery.azurewebsites.net/images/40A2073212_0_600.jpg,"미도 멀티포트8 투-크라운즈를 구매한 지 한 달 정도 됐는데, 디자인이 정말 세련되고 고급스러워서 만족스럽습니다. 스테인리스 스틸 케이스와 다이얼의 디테일이 정교해서 매일 착용해도 질리지 않고, 투-크라운즈 기능 덕분에 시간 조절도 편리해요. 백화점 정품이라 믿음이 가는 점도 좋았고, 가격 대비 내구성도 뛰어나 실용적입니다. 데일리용으로 추천하고 싶습니다."
182,[골든듀] 듀이터널스3 귀고리_J8220-0032,골든듀,보석/장신구,1660000,https://foundryiq-image-gallery.azurewebsites.net/images/60A2074758_0_600.jpg,"골든듀 듀이터널스3 귀고리는 고급스러운 디자인과 세련된 디테일이 정말 만족스러웠어요. 착용감도 가벼워서 장시간 착용해도 부담 없고, 은은한 광택이 어떤 옷과도 잘 어울립니다. 특별한 날 뿐 아니라 일상에서도 포인트 주기 좋아서 자주 손이 가요. 가격대가 있지만 퀄리티와 디자인을 생각하면 충분히 가치 있는 선택이라고 생각합니다."
183,[골든듀] 바르바로2 펜던트(체인제외)_J1010-3293,골든듀,보석/장신구,1100000,https://foundryiq-image-gallery.azurewebsites.net/images/60A2074888_0_600.jpg,"골든듀 바르바로2 펜던트를 구매했는데 디자인이 정말 세련되고 고급스러워서 만족스러웠어요. 체인 제외된 제품이라 기존에 가지고 있던 체인과 매치하기 좋았고, 착용했을 때 무게감도 적당해 부담 없었습니다. 디테일이 섬세해서 가까이서 봐도 반짝임이 예뻐 특별한 날이나 평소 포인트로 활용하기 딱입니다. 가격대가 있지만 그만큼 가치 있는 제품이라 생각해요."
184,[로우백] (기프트박스 5 SET) 프리미엄 호텔 타월 40수 210g 더블레이어/샌드베이지,로우백,인테리어,59170,https://foundryiq-image-gallery.azurewebsites.net/images/40A2079965_0_600.jpg,로우백 기프트박스 5세트 타월은 피부에 닿는 느낌이 정말 부드럽고 고급스러워서 만족스럽습니다. 40수 원사에 210g 더블레이어 구조라 그런지 흡수력도 뛰어나고 금방 마르는 점이 특히 마음에 들었어요. 샌드베이지 색상도 은은하고 세련돼서 욕실 인테리어와 잘 어울립니다. 선물용으로도 손색없을 만큼 포장도 깔끔하고 실용적이라 가족이나 친구에게 추천하고 싶습니다. 가격 대비 품질이 훌륭해 재구매 의사 있습니다.
185,[베네피트] [스벅1잔] 틴트 7종 중 택1(+틴트 디럭스) ,베네피트,이미용,32000,https://foundryiq-image-gallery.azurewebsites.net/images/60A2081644_0_600.jpg,"베네피트 틴트 7종 중 레드 컬러를 선택했는데 색감이 정말 예뻐서 데일리로 자주 쓰고 있어요. 발림성이 부드럽고 착색력이 좋아서 하루 종일 컬러가 유지돼서 리터치할 필요가 적더라고요. 특히 틴트 디럭스 구성이라 여러 가지 색상을 조금씩 사용해 볼 수 있어 만족스러웠고, 스벅 1잔 쿠폰도 덤으로 받아 기분 좋았습니다. 발색도 자연스럽고 촉촉해서 건조하지 않아 추천합니다."
186,이프애니멀 튼튼육첩 눈 눈물 영양제 105g (30포) /,이프애니멀,문화/취미,37000,https://foundryiq-image-gallery.azurewebsites.net/images/40A2082725_0_600.jpg,"반려묘 눈 건강이 걱정되어 이프애니멀 튼튼육첩 눈 영양제를 구매했어요. 30포라서 한 달 넘게 꾸준히 급여하기 좋고, 가루 형태라서 간식이나 사료에 섞어도 잘 먹더라고요. 사용한 지 2주 정도 됐는데 눈물이 덜 나고 눈 주변이 한결 깨끗해진 느낌이에요. 성분도 자연유래라 믿음이 가고, 가격대도 적당해서 앞으로도 꾸준히 사용하려 합니다. 반려동물 눈 건강 관리에 추천해요."
187,이프애니멀 튼튼육첩 관절 근육 영양제 96g (30포) /,이프애니멀,문화/취미,37000,https://foundryiq-image-gallery.azurewebsites.net/images/40A2082728_0_600.jpg,"반려견 관절 건강이 걱정돼서 이프애니멀 튼튼육첩 영양제를 구매했어요. 30포라 한 달치로 딱 적당하고, 가루가 잘 섞여서 사료에 쉽게 넣어줄 수 있어 편리해요. 꾸준히 먹인 후 관절 움직임이 한결 좋아지고, 근육도 튼튼해진 느낌이라 만족스럽습니다. 가격도 적당해서 재구매 의사 있어요."
188,젝시믹스 다이나믹 컴포트 오버핏 숏슬리브 XMK2TS1102,젝시믹스,스포츠/레져,18100,https://foundryiq-image-gallery.azurewebsites.net/images/40A2085835_0_600.jpg,"젝시믹스 다이나믹 컴포트 오버핏 숏슬리브는 이름처럼 착용감이 정말 편안해 운동할 때 답답함이 전혀 없었어요. 오버핏이라서 활동하기에 여유로웠고, 땀 배출도 잘 돼서 쾌적했습니다. 디자인도 심플하면서 세련돼서 평소에도 편하게 입을 수 있어 가성비 좋은 스포츠 티셔츠로 추천합니다. 가격 대비 품질이 만족스러워 재구매 의사 있습니다."
189,헤지스 핸드백 HJSS5E101BK 솔리드 골지 장목 양말 3종 세트,헤지스핸드백,패션잡화,23200,https://foundryiq-image-gallery.azurewebsites.net/images/40A2086366_0_600.jpg,"헤지스 핸드백과 함께 구매한 솔리드 골지 장목 양말 3종 세트는 기대 이상으로 만족스러웠습니다. 고급스러운 골지 패턴이 심플하면서도 세련돼서 데일리 룩에 잘 어울리고, 장목 길이 덕분에 봄가을에 활용도가 높았어요. 소재도 부드럽고 신축성이 좋아 하루 종일 착용해도 편안했습니다. 세 가지 색상 구성이라 매일 다른 스타일로 신을 수 있어 가성비도 뛰어납니다. 가격대비 퀄리티 좋은 제품이라 재구매 의사 있습니다."
190,[디올] NEW 미스 디올 헤어미스트,크리스찬 디올,이미용,77000,https://foundryiq-image-gallery.azurewebsites.net/images/60A2089767_0_600.jpg,"디올 미스 디올 헤어미스트는 향이 정말 은은하고 오래가서 매일 사용하기 좋아요. 머리에 뿌리면 무겁지 않고 산뜻한 느낌이 들어서 부담 없고, 특별히 향수 대신 사용해도 손색없을 정도로 고급스러운 꽃향기가 매력적이에요. 용기도 세련돼서 욕실에 두면 기분까지 좋아지고, 가격대가 좀 있지만 만족도 높아서 재구매 의사 있습니다."
191,[스내피커들] Green Terrarium Pajama Set 1006262,스내피커들,언더웨어,142640,https://foundryiq-image-gallery.azurewebsites.net/images/40A2092436_0_600.jpg,"스내피커들 그린 테라리움 파자마 세트는 디자인이 정말 예뻐서 첫눈에 반했어요. 부드러운 소재 덕분에 입었을 때 피부에 자극 없이 편안했고, 적당한 두께라 사계절 내내 활용하기 좋았습니다. 특히 자연을 연상시키는 녹색 패턴이 주는 안정감이 마음에 들었고, 세트라서 따로 코디 고민할 필요 없어 편리했어요. 가격대가 조금 있어 고민했지만 만족스러운 품질이라 잘 산 것 같아요."
192,[Alessi] 알레시 안나G + 안나 와인캡2 블랙 기프트 세트,알레시,주방,155760,https://foundryiq-image-gallery.azurewebsites.net/images/40A2092526_0_600.jpg,알레시 안나G와 안나 와인캡2 블랙 세트는 디자인부터 고급스러워 선물용으로 정말 만족스러웠습니다. 안나G 오프너는 손에 착 감기고 와인 병 따르기가 훨씬 수월해졌어요. 와인캡은 밀폐력이 좋아 와인 보관 시 신선도가 오래 유지되어 자주 사용하게 됩니다. 주방에 두니 인테리어 효과도 톡톡히 하네요. 가격대가 있지만 품질과 디자인 모두 만족스러워 추천합니다.
193,[Alessi] 알레시 안나G + 안나 와인캡2 블루 기프트 세트,알레시,주방,155760,https://foundryiq-image-gallery.azurewebsites.net/images/40A2092540_0_600.jpg,"알레시 안나G와 안나 와인캡2 블루 세트를 선물용으로 구매했는데 포장부터 고급스러워 만족스러웠어요. 안나G 오프너는 손에 쏙 들어오는 그립감과 깔끔한 디자인이 인상적이고, 와인캡은 밀폐력이 좋아 남은 와인을 신선하게 보관할 수 있어요. 주방 인테리어에도 세련된 포인트가 되어 매우 만족합니다."
194,[Alessi] 알레시 알레산드로M + 안나 와인캡2 블랙 기프트 세트,알레시,주방,144320,https://foundryiq-image-gallery.azurewebsites.net/images/40A2092547_0_600.jpg,"알레시 알레산드로M과 안나 와인캡2 블랙 기프트 세트를 구매했는데 디자인이 정말 세련되고 고급스러워서 주방 분위기가 한층 업그레이드됐어요. 알레산드로M은 그립감이 좋고 와인 오픈도 부드러워 사용하기 편리했고, 와인캡은 밀폐력이 뛰어나 와인 신선도를 오래 유지해줘 만족스럽습니다. 선물용으로도 손색없는 제품이라 적극 추천합니다."
195,[Alessi] 알레시 알레산드로M + 안나 와인캡2 블루 기프트 세트,알레시,주방,144320,https://foundryiq-image-gallery.azurewebsites.net/images/40A2092556_0_600.jpg,"알레시 알레산드로M과 안나 와인캡2 블루 세트는 디자인이 정말 세련되어 주방 분위기를 한층 업그레이드해줍니다. 와인캡은 밀폐력이 좋아 와인 신선도를 오래 유지할 수 있었고, 알레산드로M은 그립감이 뛰어나 열기 편리했습니다. 선물용으로도 손색없을 만큼 고급스럽고 실용적인 제품이라 만족스럽습니다."
196,독샤워 허브덴탈오일 DOGS115A0021,독샤워,문화/취미,21000,https://foundryiq-image-gallery.azurewebsites.net/images/40A2104501_0_600.jpg,"독샤워 허브덴탈오일은 반려견 구강관리용으로 정말 만족스러웠어요. 사용법도 간단하고 허브향이 은은해서 강아지가 거부감 없이 잘 받아들이더라고요. 꾸준히 사용하니 입 냄새가 많이 줄고 잇몸 건강도 좋아진 것 같아 안심이 됩니다. 가격도 부담스럽지 않아 꾸준히 관리하기 좋고, 작은 용량이라 휴대하기도 편리해 산책할 때마다 챙기고 있어요. 강아지 구강케어 고민하는 분들께 추천합니다."
197,독샤워 리커버리인아쿠아(리아) 샴푸,독샤워,문화/취미,46000,https://foundryiq-image-gallery.azurewebsites.net/images/40A2104518_0_600.jpg,"독샤워 리커버리인아쿠아 샴푸를 몇 주째 사용 중인데 모발이 한층 부드러워지고 윤기가 돌아서 만족스러워요. 특히 건조하고 손상된 머릿결에 수분을 잘 공급해주는 느낌이라 겨울철에도 잘 맞는 제품 같아요. 향도 은은해서 부담 없이 매일 사용할 수 있고, 두피가 가렵거나 자극받는 느낌도 없어서 민감한 분들에게도 추천합니다. 가격대가 조금 있지만 효과가 좋아서 재구매 의사 있습니다."
198,[Alessi] 알레시 알레산드로M + 샴페인잔 2P 기프트 세트,알레시,주방,135520,https://foundryiq-image-gallery.azurewebsites.net/images/40A2105490_0_600.jpg,"알레시 알레산드로M 샴페인잔 2P 세트는 디자인이 정말 세련되고 고급스러워서 특별한 날 사용하기 딱 좋아요. 유리잔은 얇고 가벼우면서도 손에 잡히는 느낌이 안정적이라 편안하게 쓸 수 있었고, 세트에 포함된 알레산드로M 디캔터는 와인 향을 잘 살려줘서 와인 애호가들에게 추천하고 싶습니다. 선물용으로도 만족도가 높을 것 같아요."
199,[헬렌카민스키] 비앙카 12 BIANCA 12,헬렌카민스키,패션잡화,320000,https://foundryiq-image-gallery.azurewebsites.net/images/60A2112505_0_600.jpg,"헬렌카민스키 비앙카 12는 고급스러운 라피아 소재가 정말 마음에 들어요. 가볍고 통기성이 좋아 여름철 데일리 아이템으로 딱입니다. 사이즈도 적당해 소지품 넣기 좋고, 디테일이 섬세해 오래 써도 질리지 않을 것 같아요. 가격대가 꽤 있지만 만족도가 높아 후회 없네요."
200,[어니스트서울] 14K 랩다이아몬드 5부 6프롱 스터드 귀걸이,어니스트서울,보석/장신구,1569000,https://foundryiq-image-gallery.azurewebsites.net/images/40A2114484_0_600.jpg,"어니스트서울 14K 랩다이아몬드 귀걸이는 깔끔한 6프롱 디자인 덕분에 다이아몬드가 더욱 또렷하게 빛나서 만족스러웠어요. 5부 크기가 적당해 일상은 물론 특별한 자리에도 잘 어울리고, 착용감도 가벼워 장시간 착용해도 불편함이 없었습니다. 랩다이아몬드라 환경에도 신경 쓴 점이 마음에 들고, 고급스러운 포장까지 완벽해 선물용으로도 추천합니다."
201,[어니스트서울] 14K 랩다이아몬드 5부 4프롱 목걸이,어니스트서울,보석/장신구,969000,https://foundryiq-image-gallery.azurewebsites.net/images/40A2114493_0_600.jpg,어니스트서울 14K 랩다이아몬드 목걸이를 선물용으로 구매했는데 디자인이 정말 세련되고 고급스러워서 만족스러웠어요. 5부 다이아몬드가 반짝임이 뛰어나고 4프롱 세팅 덕분에 안정감도 있어 매일 착용해도 부담 없었습니다. 가성비도 좋아서 다이아몬드 목걸이를 처음 구매하는 분께 추천하고 싶어요. 배송도 빠르고 포장도 깔끔해서 기분 좋게 받았습니다.
202,[어니스트서울] 14K 랩다이아몬드 미니 파베 클라우드 레이어 목걸이,어니스트서울,보석/장신구,999000,https://foundryiq-image-gallery.azurewebsites.net/images/40A2114547_0_600.jpg,"어니스트서울 14K 랩다이아몬드 목걸이는 기대 이상으로 섬세하고 고급스러워요. 미니 파베 클라우드 디자인이 정말 사랑스럽고, 레이어드하기 좋아 데일리로 착용하기 딱입니다. 랩다이아몬드라 환경 걱정 없이 예쁘게 착용할 수 있어 마음에 들고, 가벼워서 장시간 착용해도 불편함이 없어요. 선물용으로도 추천하고 싶습니다."
203,론진 콘퀘스트 MOP 베젤 다이아 34MM L3.430.0.87.6,론진,패션잡화,6400000,https://foundryiq-image-gallery.azurewebsites.net/images/40A2117389_0_600.jpg,"론진 콘퀘스트 MOP 베젤 다이아 34MM 모델을 구매한 지 한 달 되었는데 클래식하면서도 세련된 디자인에 매우 만족합니다. 자개 다이얼이 빛에 따라 은은하게 반짝여서 고급스러운 느낌이 강하고, 다이아몬드 베젤이 은은한 포인트가 되어 여성스러움을 더해줍니다. 34mm 크기가 손목에 딱 맞아 데일리 착용하기 좋고 무게감도 적당해 편안합니다. 무엇보다 론진답게 정확한 시간과 견고한 마감이 만족스러워 오랫동안 함께할 수 있을 것 같습니다."
204,5642-실바니안 포니의 뷰티 헤어 살롱,토이트론,유아동,110000,https://foundryiq-image-gallery.azurewebsites.net/images/60A2121915_0_600.jpg,"실바니안 포니의 뷰티 헤어 살롱은 아이가 정말 좋아하는 장난감이에요. 포니 인형이 부드러운 재질이라 아이가 만지기 편하고, 헤어 살롱 세트가 다양하게 구성되어 있어 놀이 시간이 길어졌어요. 빗질도 자연스럽게 되고, 작은 거울과 악세서리들이 디테일해서 아이가 상상력을 발휘하며 역할놀이를 하기에 딱입니다. 가격대가 조금 있지만 퀄리티와 재미를 생각하면 만족스러워요. 집에서도 미용실 분위기를 낼 수 있어 추천합니다."
205,5315-실바니안 그로서리 마켓,토이트론,유아동,70000,https://foundryiq-image-gallery.azurewebsites.net/images/60A2121954_0_600.jpg,실바니안 그로서리 마켓은 아이가 정말 좋아하는 장난감이에요. 다양한 식료품 모형과 작은 진열대가 있어 아이가 가게 놀이를 하면서 상상력이 많이 자라더라고요. 부품이 튼튼하고 마감도 깔끔해서 오래 사용할 수 있을 것 같아요. 가격대가 조금 있지만 아이 교육 장난감으로는 만족스러운 선택이었습니다. 아이와 함께 놀면서 소근육 발달에도 도움 되는 것 같아 추천합니다.
206,5096-실바니안 어린이 병원(2815),토이트론,유아동,100000,https://foundryiq-image-gallery.azurewebsites.net/images/60A2121964_0_600.jpg,"아이에게 생일 선물로 5096-실바니안 어린이 병원을 구매했는데 정말 만족스러워요. 병원 건물과 소품들이 디테일하게 잘 만들어져 있어서 아이가 역할놀이를 하며 집중하는 모습이 보기 좋았습니다. 작은 인형들과 함께 다양한 상황을 연출할 수 있어 상상력 발달에 도움도 되는 것 같아요. 내구성도 튼튼해서 오래 사용할 수 있을 것 같고, 조립도 간단해서 부모 입장에서도 편리했습니다. 가격대가 조금 있지만 그만한 가치가 충분한 제품입니다."
207,[리틀아카이브][크레므앙팡] 슈미즈 모달 목화 워싱 낮잠이불세트(J)+베개솜,리틀아카이브,유아동,239000,https://foundryiq-image-gallery.azurewebsites.net/images/60A2123426_0_600.jpg,"리틀아카이브 슈미즈 모달 목화 낮잠이불세트는 아이 피부에 정말 부드럽고 편안한 느낌이에요. 모달과 목화 원단이 만나 세탁 후에도 변형 없이 촉감이 유지돼 만족스러웠습니다. 베개솜도 폭신하면서 적당한 크기라 아이가 잘 때 목이 편안해 보이고, 낮잠 시간이 더 즐거워진 것 같아요. 디자인도 심플하면서 세련되어 아이방 분위기와 잘 어울립니다. 가격대가 조금 있지만 품질과 내구성을 고려하면 충분히 가치 있는 선택이에요."
208,5807-실바니안 케이크 샵 스타터 세트,토이트론,유아동,70000,https://foundryiq-image-gallery.azurewebsites.net/images/60A2124151_0_600.jpg,5807-실바니안 케이크 샵 스타터 세트를 5세 딸에게 선물했는데 정말 만족스러워요. 작은 케이크 모형과 가게 소품들이 너무 귀엽고 디테일도 섬세해서 아이가 직접 가게를 꾸미며 상상놀이를 즐기더라고요. 재질도 안전하고 튼튼해서 오래 사용할 수 있을 것 같아요. 가격대가 조금 있지만 퀄리티 대비 충분히 가치 있다고 생각합니다. 유아동 완구로 추천해요.
209,[공식] 미도 멀티포트 TV 35 M0493071104100,미도시계(백화점),패션잡화,1653000,https://foundryiq-image-gallery.azurewebsites.net/images/40A2125576_0_600.jpg,"미도 멀티포트 TV 35 모델은 세련된 디자인과 뛰어난 착용감이 인상적입니다. 무게가 가벼워 하루 종일 차고 있어도 불편함이 없고, 멀티포트 기능 덕분에 다양한 스타일에 잘 어울려 활용도가 높습니다. 고급스러운 마감 처리와 견고한 내구성도 만족스럽고, 백화점 정품이라 믿음이 가네요. 가격대가 조금 있지만 그만큼 가치 있는 제품이라 생각합니다. 평소 패션에 신경 쓰는 분께 추천합니다."
210,[타미힐피거여성] 엘리베이트 시크 볼캡 0AHT002WT1V18,타미힐피거,패션잡화,37170,https://foundryiq-image-gallery.azurewebsites.net/images/40A2126044_0_600.jpg,"타미힐피거 엘리베이트 시크 볼캡은 심플하면서도 세련된 디자인이 마음에 들어서 구매했어요. 소재가 부드럽고 착용감이 편안해 오랜 시간 써도 부담 없고, 모자의 형태도 잘 잡혀 있어서 스타일링하기 좋아요. 특히 브랜드 로고가 은은하게 포인트가 되어 데일리 룩에 자연스럽게 어울립니다. 가격대비 퀄리티가 뛰어나 만족스럽고, 봄·가을철 야외 활동할 때 자주 쓰게 될 것 같아요."
211,[헬렌카민스키] 헤스터 HESTER,헬렌카민스키,패션잡화,268800,https://foundryiq-image-gallery.azurewebsites.net/images/60A2126865_0_600.jpg,"헬렌카민스키 헤스터 모자는 가볍고 통기성이 좋아 여름철 나들이에 딱이에요. 자연스러운 소재 감촉이 피부에 자극 없이 편안하고, 디자인도 세련돼서 어떤 옷에도 잘 어울립니다. 특히 챙이 넓어 햇볕 차단 효과도 뛰어나 만족스럽고, 내구성도 좋아 오래 쓸 수 있을 것 같아요. 가격대가 조금 있지만 투자할 가치가 충분한 제품입니다."
212,[아디다스코리아공식] JI8545 트레포일 에센셜 티 TREFOIL ESS TEE,아디다스,스포츠/레져,31200,https://foundryiq-image-gallery.azurewebsites.net/images/40A2129518_0_600.jpg,아디다스 트레포일 에센셜 티는 디자인이 심플하면서도 로고가 포인트라 데일리로 입기 좋아요. 면 소재라 착용감이 부드럽고 땀 흡수도 잘돼서 운동할 때도 편안합니다. 사이즈도 정사이즈라 딱 맞았고 가볍고 통기성이 좋아 여름에도 부담 없이 입을 수 있었어요. 가격 대비 퀄리티가 좋아서 만족스럽습니다.
213,[아디다스코리아공식] JS4957 아디제로 보스턴 13 W,아디다스,스포츠/레져,179000,https://foundryiq-image-gallery.azurewebsites.net/images/40A2129539_0_600.jpg,"아디제로 보스턴 13 W를 구매해서 한 달째 사용 중인데 뛰어난 경량성과 쿠셔닝 덕분에 장시간 러닝에도 발이 편안해요. 특히 통기성이 좋아 여름철에도 땀 차는 느낌이 적고, 미끄럼 방지 아웃솔 덕분에 다양한 지면에서도 안정감이 뛰어납니다. 디자인도 깔끔해서 운동복뿐 아니라 일상복과도 잘 어울려 만족스럽습니다. 가격대가 조금 있지만 성능을 생각하면 충분히 가치 있는 선택이라고 생각해요."
214,BAMKEL 밤켈 모던 22QT 하드쿨러,밤켈,스포츠/레져,180000,https://foundryiq-image-gallery.azurewebsites.net/images/40A2130700_0_600.jpg,"캠핑용으로 밤켈 모던 22QT 하드쿨러를 구입했는데 보냉력이 정말 뛰어납니다. 얼음이 이틀 이상 그대로 유지돼서 신선한 음식과 음료를 오래 즐길 수 있었어요. 견고한 디자인 덕분에 들고 다니기 편하고, 내부 공간도 넉넉해서 간단한 장비까지 함께 보관할 수 있었습니다. 가격대가 조금 있지만 내구성과 성능을 생각하면 만족스럽습니다. 스포츠나 야외 활동에 추천할 만한 제품입니다."
215,BAMKEL 밤켈 모던 32QT 쿨러하드쿨러,밤켈,스포츠/레져,210000,https://foundryiq-image-gallery.azurewebsites.net/images/40A2130716_0_600.jpg,"캠핑 갈 때 보냉력이 중요해서 밤켈 모던 32QT 쿨러를 구매했어요. 크기가 적당해서 2박 3일 야외활동에도 충분했고, 얼음이 생각보다 오래 녹지 않아 신선한 음식과 음료를 잘 보관할 수 있었습니다. 견고한 디자인 덕분에 들고 다닐 때도 부담 없고, 내부 청소도 편리해 만족스러워요. 가격대가 조금 있지만 내구성과 성능을 생각하면 가성비 좋은 선택인 것 같아요."
216,BAMKEL 밤켈 모던 42QT 하드쿨러,밤켈,스포츠/레져,230000,https://foundryiq-image-gallery.azurewebsites.net/images/40A2130737_0_600.jpg,"캠핑과 낚시를 자주 다니는데 밤켈 모던 42QT 하드쿨러는 기대 이상이에요. 42쿼터 용량이라 음료수와 식재료를 넉넉히 넣을 수 있고, 두꺼운 단열 덕분에 얼음이 이틀 이상도 잘 유지됩니다. 견고한 디자인에 이동도 편리해서 야외 활동에 딱 맞아요. 뚜껑 잠금도 튼튼해서 내용물이 흘러내리지 않아 정말 만족스럽습니다. 가격대가 조금 있지만 내구성과 기능성을 생각하면 충분히 값어치 있는 제품입니다."
217,BAMKEL 밤켈 소프트쿨러 36캔,밤켈,스포츠/레져,188000,https://foundryiq-image-gallery.azurewebsites.net/images/40A2130830_0_600.jpg,"밤켈 소프트쿨러 36캔은 캠핑 갈 때 정말 유용했어요. 부드러운 소재라 들고 다니기 편하고 내부 단열도 뛰어나서 얼음이 오랫동안 녹지 않았습니다. 36캔 수납 공간도 넉넉해서 음료와 간식 모두 여유 있게 넣을 수 있었고, 지퍼가 튼튼해 쉽게 고장 나지 않을 것 같아요. 가격대가 조금 있긴 하지만 내구성과 휴대성을 생각하면 충분히 만족스럽습니다. 다음에도 꼭 재구매 의사 있습니다."
218,[아코크] Glossy Halfmoon Cross Bag_Black,아코크(백화점),패션잡화,77190,https://foundryiq-image-gallery.azurewebsites.net/images/60A2131139_0_600.jpg,"아코크 글로시 하프문 크로스백 블랙 컬러를 구매했는데, 고급스러운 광택 덕분에 어떤 옷에 매도 세련돼 보여요. 크기가 딱 적당해서 지갑, 휴대폰, 립스틱 등 기본 소지품을 넣기에 편리하고 가볍습니다. 반달 모양 디자인이 독특하면서도 부담스럽지 않아 데일리로 들기 좋아요. 스트랩 길이 조절도 쉬워서 어깨에 편하게 맞췄고, 내부 수납 공간도 꽤 실용적이라 만족스러워요. 가격대비 퀄리티가 뛰어나서 꾸준히 애용할 것 같아요."
219,[아코크] Blooming Hobo Bag_Gray,아코크(백화점),패션잡화,82770,https://foundryiq-image-gallery.azurewebsites.net/images/60A2131309_0_600.jpg,"아코크 블루밍 호보백 그레이 색상 구매했는데 생각보다 수납 공간이 넉넉해서 일상용으로 딱 좋아요. 부드러운 소재라 손에 닿는 느낌도 좋고, 그레이 톤이 어떤 옷에도 무난하게 잘 어울려 활용도가 높아요. 가벼워서 장시간 들어도 부담 없고, 간단한 외출이나 쇼핑할 때 편리해서 자주 손이 가는 가방입니다. 디자인도 심플하면서 세련돼서 만족스러워요."
220,[아코크] Insight Cross Bag_Brown,아코크(백화점),패션잡화,138570,https://foundryiq-image-gallery.azurewebsites.net/images/60A2131368_0_600.jpg,"아코크 Insight Cross Bag_Brown은 디자인이 세련되고 크기도 적당해서 데일리로 들기 딱 좋아요. 가죽 소재가 부드럽고 내구성도 좋아 보여 오래 쓸 수 있을 것 같아요. 수납 공간이 여러 개로 나뉘어 있어 작은 소지품 정리하기 편리하고, 크로스 끈 길이 조절도 자유로워 착용감이 만족스러웠습니다. 갈색 톤이 고급스러워 어떤 옷에도 잘 어울려 활용도가 높아요. 가격대가 살짝 있지만 품질 대비 만족스러운 제품입니다."
221,[아코크] Tangle Twist Bag_Red,아코크(백화점),패션잡화,86490,https://foundryiq-image-gallery.azurewebsites.net/images/60A2131412_0_600.jpg,"아코크 Tangle Twist Bag_Red를 구매했는데 색감이 정말 선명하고 고급스러워서 마음에 들었어요. 가방 자체가 꼬임 디자인이라 독특하면서도 유니크한 느낌이 강해서 어디에나 포인트 주기 좋습니다. 크기도 적당해서 데일리로 들기 편하고, 내부 수납 공간도 생각보다 넉넉해서 소지품 정리하기 편리했어요. 무엇보다 무게가 가벼워서 장시간 들어도 부담 없고, 백화점 브랜드라 그런지 마감 상태도 훌륭해 만족스럽습니다."
222,폴로 랄프 로렌 여성 폴로 ID 스웨이드 라지 숄더백(WAPOBAG02V20173200),폴로 랄프 로렌 여성,패션잡화,1150000,https://foundryiq-image-gallery.azurewebsites.net/images/60A2135028_0_600.jpg,"폴로 랄프 로렌 여성 폴로 ID 스웨이드 라지 숄더백을 구매한 후 만족도가 매우 높습니다. 부드러운 스웨이드 재질이 고급스럽고 가벼워서 데일리로 들기 좋아요. 내부 수납 공간도 넉넉해 지갑, 화장품, 스마트폰 등을 여유 있게 넣을 수 있습니다. 무엇보다 심플하면서도 세련된 디자인이 어떤 옷에도 잘 어울려 활용도가 뛰어납니다. 가격대가 있지만 그만큼 품질과 마감이 훌륭해 오래 사용할 수 있을 것 같아요."
223,[아디다스코리아공식] JQ0593 도쿄 W ,아디다스,스포츠/레져,139000,https://foundryiq-image-gallery.azurewebsites.net/images/40A2146795_0_600.jpg,아디다스 JQ0593 도쿄 W 모델을 구매했는데 디자인이 정말 세련되고 경량 소재라 착용감이 뛰어납니다. 발을 잘 감싸줘 운동할 때 안정감이 느껴지고 통기성도 좋아서 땀 차는 느낌이 적었어요. 특히 러닝할 때 충격 흡수도 좋아 발에 무리가 덜 가는 점이 만족스럽습니다. 가격대가 조금 있지만 퀄리티를 생각하면 충분히 가치 있는 제품이라고 생각합니다. 평소 러닝이나 가벼운 운동용으로 추천합니다.
224,품절대란 (결혼/이사/집들이) 프리미엄 디어리얼 4P 항균 호텔수건 선물포장 200g 고중량,디어리얼,인테리어,39900,https://foundryiq-image-gallery.azurewebsites.net/images/60A2146930_0_600.jpg,"결혼 선물로 품절대란이라는 말에 호기심이 생겨 디어리얼 4P 호텔수건 세트를 구매했어요. 200g의 고중량이라 그런지 촉감이 정말 부드럽고 폭신폭신해서 사용감이 너무 좋네요. 항균 처리되어 위생적이라 가족 모두 안심하고 쓸 수 있어 만족스럽습니다. 고급스러운 선물포장 덕분에 따로 포장할 필요도 없었고, 집들이 선물로도 딱 좋아서 추천하고 싶어요."
225,[막스마라] 두디 실크 숄 / 베이지,Max Mara,패션잡화,1080000,https://foundryiq-image-gallery.azurewebsites.net/images/60A2150363_0_600.jpg,"막스마라 두디 실크 숄은 정말 고급스러운 아이템이에요. 베이지 색상이 어떤 옷에도 무난하게 잘 어울리고, 실크 소재라 부드럽고 피부에 닿는 감촉이 정말 좋습니다. 크기도 적당해서 목에 감거나 어깨에 살짝 걸치기에 편리하고, 가벼워서 들고 다니기 부담 없어요. 고가이지만 퀄리티와 디자인 모두 만족스러워서 투자할 가치가 충분한 제품이라고 생각합니다."
226,[막스마라] 까레 실크 스카프 / 라이트 블루,Max Mara,패션잡화,680000,https://foundryiq-image-gallery.azurewebsites.net/images/60A2150365_0_600.jpg,"막스마라 까레 실크 스카프 라이트 블루를 구매했는데, 고급스러운 실크 소재가 피부에 닿는 느낌이 정말 부드럽고 만족스러워요. 은은한 라이트 블루 색상이 봄, 가을에 특히 잘 어울리고 어떤 코디에도 포인트가 되어줍니다. 크기도 적당해서 목에 두르거나 가방에 매기도 좋아 활용도가 높아요. 가격대가 있지만 그만큼 퀄리티가 뛰어나 오래도록 소장하고 싶은 아이템입니다."
227,[막스마라] 까레 실크 스카프 / 그린,Max Mara,패션잡화,680000,https://foundryiq-image-gallery.azurewebsites.net/images/60A2150366_0_600.jpg,"막스마라 그린 까레 실크 스카프는 고급스러운 색감과 부드러운 촉감이 정말 만족스러워요. 실크 소재라 피부에 닿는 느낌이 시원하면서도 편안하고, 적당한 크기로 다양한 스타일링에 활용하기 좋아요. 특히 그린 컬러가 봄, 가을에 포인트로 딱이고, 코디에 은은한 세련됨을 더해줍니다. 가격대가 있지만 그만큼 퀄리티와 디자인이 뛰어나 만족스러운 투자였어요."
228,[로얄코펜하겐] 로얄 크리처스 플레이트 19cm 2P 세트 (패턴 선택),로얄코펜하겐,주방,201000,https://foundryiq-image-gallery.azurewebsites.net/images/40A2152164_0_600.jpg,"로얄코펜하겐 로얄 크리처스 플레이트 19cm 2P 세트를 구매했는데 고급스러운 패턴 덕분에 식탁이 한층 화사해졌어요. 크기가 적당해서 디저트나 작은 요리 담기에 딱 좋고, 도자기 재질이라 손에 착 감기는 느낌이 만족스러웠습니다. 세트 구성이라 선물용으로도 추천하고 싶네요. 세심한 디자인과 견고한 마감 덕분에 오랫동안 잘 사용할 수 있을 것 같아요."
229,[로얄코펜하겐] 로얄 크리처스 오발 디쉬 37cm&플레이트 19cm 3P 세트 (패턴 선택),로얄코펜하겐,주방,511000,https://foundryiq-image-gallery.azurewebsites.net/images/40A2153019_0_600.jpg,"로얄코펜하겐의 로얄 크리처스 오발 디쉬와 플레이트 3P 세트를 구매했는데 디자인이 정말 고급스럽고 세련되어서 식사할 때마다 기분이 좋아집니다. 37cm 오발 디쉬는 가족 모임 때 메인 요리를 담기에 넉넉하고, 19cm 플레이트는 디저트나 사이드 접시로 딱 좋아요. 패턴 선택 옵션 덕분에 취향에 맞는 디자인을 고를 수 있어 만족스럽고, 세라믹 재질이라 손에 감기는 촉감도 부드럽습니다. 사용 후 관리도 편리해 오래도록 잘 사용할 것 같아요."
230,애니먼 펫밀크 애니유 강아지 고양이 우유 180ml 10개,애니먼,문화/취미,20500,https://foundryiq-image-gallery.azurewebsites.net/images/40A2154571_0_600.jpg,"애니먼 펫밀크는 우리 강아지가 정말 잘 먹어요. 180ml 용량이 적당해서 한 번에 다 먹기 좋고, 10개 세트라 오래 두고 사용할 수 있어 편리합니다. 우유 특유의 냄새가 강하지 않고 부드러워서 예민한 아이도 거부감 없이 잘 마시더라고요. 특히 고양이도 함께 먹을 수 있어 가족 모두가 만족스러워요. 가격도 부담스럽지 않아 재구매 의사 있습니다."
231,애니먼 강아지 고양이 습식사료 애니캔 플러스 신장·요로계 30g 6개,애니먼,문화/취미,12900,https://foundryiq-image-gallery.azurewebsites.net/images/40A2154613_0_600.jpg,"우리 집 강아지가 신장 문제를 앓고 있어서 애니먼 애니캔 플러스 신장·요로계 사료를 구매했어요. 30g씩 소포장되어 있어 신선하게 급여하기 좋고, 맛도 좋아서 먹이를 주면 잘 먹습니다. 신장 건강에 도움이 되는 성분이 들어있다고 해서 안심되고, 요로계 관리에도 효과 있는 것 같아 꾸준히 급여할 예정입니다. 가격도 부담되지 않아 만족스럽습니다."
232,[공식/10년보증]마와 옷걸이 이코노믹라이트 36PT 얇은티셔츠용 10개,마와(백화점),생활/건강,34000,https://foundryiq-image-gallery.azurewebsites.net/images/60A2154951_0_600.jpg,"마와 이코노믹라이트 옷걸이를 구매한 후 얇은 티셔츠 걸기에 정말 딱이라는 생각이 들었어요. 일반 옷걸이보다 훨씬 슬림해서 옷이 늘어나거나 망가지지 않고 깔끔하게 걸 수 있어서 만족스럽습니다. 10년 보증이 있어 내구성도 믿음이 가고, 소재가 부드러워 옷감 손상 걱정 없이 오래 사용할 수 있을 것 같아요. 옷장 정리할 때도 공간을 많이 차지하지 않아 실용적입니다. 가격대가 조금 있지만 품질을 고려하면 충분히 가치 있는 구매였습니다."
233,[공식/10년보증]마와 옷걸이 실루엣라이트 36FT 얇은셔츠용 10개,마와(백화점),생활/건강,34000,https://foundryiq-image-gallery.azurewebsites.net/images/60A2154954_0_600.jpg,"마와 실루엣라이트 옷걸이 10개 세트를 구매했는데 얇은 셔츠나 가벼운 옷 걸기에 딱 좋아요. 플라스틱 재질인데도 견고하고 옷이 잘 미끄러지지 않아 만족스럽습니다. 디자인도 심플해서 옷장 정리가 깔끔해졌고, 무엇보다 10년 보증이 있어 오래 쓸 수 있을 것 같아 믿음이 가네요. 가격대가 조금 있지만 내구성 생각하면 괜찮은 선택입니다."
234,랄프 로렌 베이비 여아 폴로 베어 코튼 쓰리피스 기프트 세트(CWPO2STF0520070100),랄프 로렌 베이비,유아동,159000,https://foundryiq-image-gallery.azurewebsites.net/images/60A2155811_0_600.jpg,"랄프 로렌 베이비의 폴로 베어 코튼 쓰리피스 세트를 선물용으로 구매했는데, 기대 이상으로 만족스러웠습니다. 부드러운 코튼 소재라 아이 피부에 자극 없이 편안하고, 폴로 베어 디자인이 너무 귀여워서 외출할 때마다 기분 좋게 입힐 수 있었어요. 세 가지 아이템이 세트로 구성돼 활용도가 높고 세탁 후에도 형태 변형 없이 오래 입힐 수 있을 것 같아 만족스럽습니다. 고급스러운 패키지 덕분에 선물용으로도 추천합니다."
235,랄프 로렌 베이비 남아 폴로 베어 코튼 쓰리피스 기프트 세트(CWPO2STI0520101100),랄프 로렌 베이비,유아동,159000,https://foundryiq-image-gallery.azurewebsites.net/images/60A2155813_0_600.jpg,"랄프 로렌 베이비 폴로 베어 코튼 쓰리피스 세트는 선물용으로 정말 만족스러웠어요. 부드러운 코튼 소재라 아기 피부에 자극 없이 편안해 보이고, 폴로 베어 디자인이 너무 귀여워서 입힐 때마다 기분이 좋아집니다. 세트 구성이 실용적이라 외출복으로 딱이고, 사이즈도 적당히 여유 있어 활동하기 편해 보였어요. 가격대가 조금 있지만 디자인과 품질을 생각하면 충분히 가치 있는 선택이었습니다."
236,RRL 코듀로이 빌 오일클로스 볼 캡(MARRHGS0J420228600),더블알엘(백화점),패션잡화,259000,https://foundryiq-image-gallery.azurewebsites.net/images/60A2158292_0_600.jpg,"RRL 코듀로이 볼 캡은 고급스러운 소재감과 탄탄한 마감이 인상적입니다. 코듀로이 특유의 부드러우면서도 빈티지한 질감이 멋스럽고, 오일클로스 처리 덕분에 내구성도 뛰어나 일상에서 편하게 쓰기 좋아요. 착용감도 적당히 여유 있어 머리에 잘 맞고, 브랜드 특유의 세련된 디자인이 어떤 옷차림에도 잘 어울립니다. 가격대가 조금 있지만 퀄리티를 생각하면 충분히 만족스러운 선택이었습니다."
237,리케이 전동 발톱 다듬기 RK-5300  ,리케이,문화/취미,53500,https://foundryiq-image-gallery.azurewebsites.net/images/40A2158302_0_600.jpg,"리케이 전동 발톱 다듬기 RK-5300을 구매해서 한 달째 사용 중입니다. 손톱 뿐만 아니라 발톱까지 부드럽게 다듬을 수 있어 정말 편리해요. 특히 소음이 크지 않아서 아침에 조용히 사용해도 부담 없었고, 여러 가지 교체 가능한 팁 덕분에 세밀한 손질이 가능했습니다. 무게도 가벼워 한 손에 쏙 들어오고 사용법도 간단해서 초보자도 쉽게 다룰 수 있어 만족스러웠습니다. 가격 대비 품질도 좋아 추천합니다."
238,[아디다스코리아공식] JS4939 아디제로 보스턴 13 ,아디다스,스포츠/레져,179000,https://foundryiq-image-gallery.azurewebsites.net/images/40A2158926_0_600.jpg,"아디제로 보스턴 13은 가벼운 무게와 뛰어난 쿠셔닝 덕분에 장거리 달리기 시에도 발에 부담이 적었어요. 특히 통기성이 좋아 오래 신어도 쾌적했고, 반응성이 좋아 발 앞부분이 편안했습니다. 디자인도 깔끔해서 일상복에도 잘 어울리고, 아디다스만의 내구성도 만족스러워요. 가격대가 조금 있지만 성능 대비 충분히 가치 있는 제품입니다."
239,[미꼬][NEW/온라인 전용]플로우 펜던트 브레이슬릿 HDMI0623-1BL,미꼬쥬얼리,보석/장신구,1200000,https://foundryiq-image-gallery.azurewebsites.net/images/40A2160088_0_600.jpg,"미꼬쥬얼리 플로우 펜던트 브레이슬릿은 디자인이 정말 세련되고 고급스러워서 특별한 날 착용하기 딱 좋았습니다. 블루 컬러가 은은하게 빛나면서도 튀지 않아 데일리룩에도 자연스럽게 어울리더군요. 착용감도 가벼워 손목에 부담 없이 오래 착용할 수 있었고, 온라인 전용 제품이라서인지 희소성도 느껴져 더욱 만족스러웠습니다. 가격대가 있지만 그만큼 품질과 세심한 마감이 돋보여 후회 없는 선택이었어요."
240,폴로 랄프 로렌 남성 풀 그레인 레더 벨트(MAPOBLT0F320300270),폴로 랄프 로렌,패션잡화,169000,https://foundryiq-image-gallery.azurewebsites.net/images/60A2160501_0_600.jpg,폴로 랄프 로렌 풀 그레인 레더 벨트를 구매했는데 가죽 질감이 정말 고급스럽고 부드러워서 착용감이 뛰어납니다. 풀 그레인 가죽 특유의 자연스러운 무늬가 멋스럽고 내구성도 좋아 보입니다. 버클도 견고하게 마감되어 있어 사용 중에도 변형 걱정이 없어요. 고급스러운 디자인 덕분에 정장이나 캐주얼 모두 잘 어울려 데일리로 활용하기 좋습니다. 가격대가 있지만 만족스러운 가치라고 생각합니다.
241,헤지스핸드백 HIUM5F110BK Toile de Jouy 블랙 경량 양우산 (UV차단),헤지스핸드백,패션잡화,32480,https://foundryiq-image-gallery.azurewebsites.net/images/40A2160716_0_600.jpg,"헤지스핸드백 경량 양우산을 구매했는데 디자인이 세련되고 휴대하기 정말 편해요. 블랙 컬러에 Toile de Jouy 패턴이 고급스러워서 어디서나 잘 어울립니다. UV 차단 기능 덕분에 햇볕 강한 날에도 안심하고 사용했고, 우산 자체가 가벼워서 장시간 들어도 부담 없었어요. 가격 대비 품질도 만족스럽고 일상용으로 추천할 만한 제품입니다."
242,[공식] 미도 오션스타 월드타이머 M0268301603000,미도시계(백화점),패션잡화,1430000,https://foundryiq-image-gallery.azurewebsites.net/images/40A2162447_0_600.jpg,"미도 오션스타 월드타이머를 구매한 지 한 달째인데, 디자인과 기능 모두 만족스럽습니다. 특히 세계 시간 표시가 매우 편리해서 해외 출장 시 시간을 한눈에 확인할 수 있어 유용합니다. 다이얼의 푸른 색감이 고급스럽고, 스테인리스 스틸 케이스가 견고해 보여 오랫동안 착용해도 질리지 않을 것 같아요. 무브먼트도 정확하고 부드럽게 작동해 신뢰가 갑니다. 가격대가 있는 만큼 만족도도 높아 추천하고 싶습니다."
243,마이크로 러기지 이지 + 쿠션,마이크로킥보드,유아동,304000,https://foundryiq-image-gallery.azurewebsites.net/images/60A2162843_0_600.jpg,"마이크로 러기지 이지 + 쿠션은 아이와 여행할 때 정말 유용했어요. 가볍고 바퀴가 부드러워서 아이가 직접 끌기에도 부담 없고, 쿠션 덕분에 앉아서 쉴 때도 편안해 보였습니다. 내부 공간도 넉넉해서 짐 넣기 좋고, 디자인도 세련돼서 만족스러워요. 가격대가 조금 있지만 내구성이나 실용성을 생각하면 충분히 가치 있는 제품입니다."
244,[골든듀] 펄시피아미뇽2(D) 펜던트(체인제외)_J1250-0018,골든듀,보석/장신구,1120000,https://foundryiq-image-gallery.azurewebsites.net/images/60A2163738_0_600.jpg,"골든듀 펄시피아미뇽2 펜던트를 구매했는데 디자인이 정말 고급스럽고 세련돼서 만족스러워요. 진주와 미뇽 디자인이 조화롭게 어우러져 어떤 옷에 매치해도 잘 어울립니다. 체인은 별도라 직접 고를 수 있는 점도 마음에 들고, 착용감도 가벼워서 데일리로 하기 좋아요. 선물용으로도 강력 추천합니다."
245,[공식/10년보증]프리미엄 마와 옷걸이 굿페어 세트 (25개구성) - 화이트,마와(백화점),생활/건강,109000,https://foundryiq-image-gallery.azurewebsites.net/images/60A2163872_0_600.jpg,"마와 옷걸이 세트는 디자인이 깔끔하고 견고해서 정말 만족스러워요. 특히 옷이 미끄러지지 않고 형태가 잘 유지돼서 셔츠나 니트 걸기에 딱이에요. 25개 세트라 옷장 정리에 충분하고, 10년 보증이라 믿음도 갑니다. 화이트 컬러라 옷장 분위기도 밝아져서 좋고, 튼튼한 소재 덕분에 무거운 옷도 걱정 없이 걸 수 있어 활용도가 높아요. 가격대가 조금 있지만 내구성과 품질을 고려하면 충분히 가치 있는 제품입니다."
246,[공식/10년보증][추가증정] 프리미엄 마와 옷장정리 싱글세트 (26개구성) - 펄실버,마와(백화점),생활/건강,109000,https://foundryiq-image-gallery.azurewebsites.net/images/60A2163900_0_600.jpg,"마와 옷장정리 싱글세트를 구매하고 나서 옷걸이 정리가 훨씬 수월해졌어요. 펄실버 색상이라 옷장 분위기도 고급스러워 보이고, 26개 구성이라 다양한 옷을 한꺼번에 정리하기에 딱입니다. 무엇보다 옷이 미끄러지지 않고 모양도 잘 유지돼서 만족스러워요. 10년 보증이라 믿음도 가고, 추가 증정된 제품 덕분에 가성비도 좋았습니다. 옷장 정리 고민하는 분들께 추천합니다."
247,도러블 펫아이스크림 5개세트,주베베,문화/취미,35000,https://foundryiq-image-gallery.azurewebsites.net/images/40A2164453_0_600.jpg,"반려견이 더운 날씨에 입맛이 없길래 구매한 도러블 펫아이스크림 5개세트 덕분에 건강하게 잘 먹었어요. 주베베 브랜드라 믿음이 갔고, 아이스크림도 부드럽고 자연스러운 재료 맛이 느껴져서 좋았습니다. 적당한 크기로 한 번에 다 먹이지 않아도 되고 여러 번 나눠 줄 수 있어 경제적이었어요. 애가 너무 좋아해서 산뜻한 여름 간식으로 강력 추천합니다."
